id,likes_count,dislikes_count,reactions_count
7,166,3,165
2,0,0,0
5239,0,0,0
52,165,1,163
8,0,0,0
12,0,0,0
13,0,0,0
14,0,0,0
23,0,0,0
27,0,0,0
30,0,0,0
32,0,0,0
36,0,0,0
37,0,0,0
40,0,0,0
42,0,0,0
50,0,0,0
62,0,0,0
63,0,0,0
64,0,0,0
70,0,0,0
72,0,0,0
76,0,0,0
9,9,0,9
22,14,0,14
10,42,0,42
15,2,0,2
11,6,0,6
51,10,0,10
77,21,0,21
5,16,0,16
69,46,0,46
20,5,0,5
59,13,0,13
60,49,2,51
56,1,0,1
58,25,0,25
31,345,0,345
65,33,0,33
74,46,0,46
66,44,2,46
61,113,2,115
18,88,0,88
17,304,4,308
57,40,0,40
19,16,0,16
26,237,6,243
21,14,0,14
67,167,4,171
25,72,0,72
79,40,1,41
78,88,0,88
28,172,6,178
71,10,1,11
29,335,4,337
24,3,0,3
75,358,4,362
73,39,0,39
35,1,0,1
34,10,0,10
33,235,3,238
39,27,0,27
44,63,3,66
41,14,0,14
38,61,1,62
43,75,2,77
1,126,1,127
46,16,0,16
45,16,0,16
49,237,2,239
47,17,0,17
48,13,0,13
16,91,1,87
5240,0,0,0
83,0,0,0
84,0,0,0
85,0,0,0
5241,1,0,1
91,0,0,0
94,0,0,0
87,321,5,318
106,0,0,0
112,0,0,0
114,0,0,0
120,0,0,0
121,0,0,0
122,0,0,0
136,0,0,0
142,0,0,0
156,47,1,47
134,78,0,78
111,3,0,3
113,6,0,6
81,2,0,2
105,1,0,1
82,4,0,4
103,77,1,76
98,21,0,21
100,9,0,9
117,350,1,367
90,2,0,2
141,16,0,16
93,38,0,38
143,14,1,15
104,8,0,8
95,110,2,112
148,216,6,222
119,39,0,39
89,214,6,220
96,86,0,86
97,11,0,11
99,9,0,9
102,2,0,2
108,416,7,423
109,207,10,218
132,28,0,28
137,2,0,2
125,63,0,63
116,6,0,6
110,6,0,6
144,61,0,61
149,33,0,33
107,381,6,387
135,44,0,44
151,13,0,13
140,118,1,119
152,1,0,1
124,8,0,8
123,18,0,18
128,6,0,6
139,11,0,11
147,466,6,472
131,1,0,1
133,4,0,4
138,446,3,449
153,4,0,4
126,205,7,212
154,10,0,10
129,4,1,5
155,21,0,23
130,89,1,90
150,10,0,10
146,120,1,121
145,514,3,517
167,384,3,378
228,366,6,371
5242,3,0,3
171,0,0,0
188,0,0,0
198,0,0,0
222,0,0,0
178,59,0,59
179,82,0,82
184,261,1,262
217,33,0,33
173,50,0,50
168,124,0,124
204,4,0,4
221,2,0,2
187,2,0,2
174,24,0,24
202,22,0,22
175,62,0,58
162,64,2,66
160,144,0,144
206,6,0,6
163,238,0,238
211,264,8,272
216,77,0,77
164,264,3,267
189,34,0,34
207,65,0,65
226,4,1,5
176,1,0,1
227,91,0,91
210,54,0,54
165,63,2,65
180,34,0,34
195,9,0,9
196,374,0,374
182,190,0,190
197,71,0,71
183,95,0,95
199,3,0,3
205,4,0,4
161,64,2,66
190,5,0,5
192,21,0,21
209,10,0,10
191,19,0,19
225,111,0,111
212,39,0,39
213,261,1,262
193,81,0,81
215,90,1,91
214,2,1,3
234,368,4,372
218,39,0,39
185,47,28,75
200,294,0,294
220,2,0,2
208,169,2,171
203,4,0,4
194,9,1,10
230,85,2,87
232,101,3,104
229,22,0,22
231,40,0,40
233,123,0,123
235,8,0,8
177,12,0,11
223,239,2,241
224,350,5,355
219,3,0,3
270,99,5,103
247,349,1,343
5243,0,0,0
5244,0,0,0
252,0,0,0
253,0,0,0
272,0,0,0
277,0,0,0
286,0,0,0
287,0,0,0
311,0,0,0
260,1,0,1
300,44,0,44
274,5,0,5
278,3,0,3
302,9,0,9
240,41,1,42
250,7,0,7
249,13,0,13
251,21,0,21
254,1,0,1
293,12,1,13
239,43,0,43
263,410,4,414
242,6,0,6
283,489,4,493
244,241,0,241
245,68,0,68
246,7,0,7
266,2,0,2
248,45,0,45
276,152,1,153
304,9,0,9
308,28,0,28
273,18,0,18
295,474,7,481
313,22,0,22
275,3,0,3
259,21,0,21
310,26,1,27
301,145,0,145
282,148,0,148
303,143,0,143
267,215,5,226
269,129,5,140
268,69,1,76
305,1,0,1
285,16,0,16
312,3,0,3
271,50,0,50
294,5,0,5
255,77,4,81
298,404,1,405
314,9,0,9
281,96,1,97
265,12,2,14
288,3,0,3
280,9,0,9
292,2,0,2
306,1,0,1
307,3,0,3
290,64,1,65
284,16,0,16
289,51,0,51
291,45,2,47
279,8,3,12
309,4,0,4
264,94,1,95
299,34,1,31
297,18,0,18
296,46,0,46
5245,0,0,0
365,355,1,354
327,0,0,0
331,0,0,0
336,0,0,0
346,0,0,0
350,0,0,0
387,0,0,0
391,0,0,0
355,2,0,2
342,44,1,45
393,37,0,37
324,12,0,12
344,122,1,124
368,26,0,26
328,1,0,1
383,26,0,26
332,15,0,18
337,2,0,2
340,3,0,3
359,75,0,75
335,160,1,161
372,31,0,31
378,2,0,2
318,44,0,44
363,6,0,6
322,1,0,1
320,2,0,2
325,93,0,93
329,124,4,128
392,45,0,45
348,4,0,4
330,1,0,1
382,58,4,62
356,88,0,88
333,2,0,2
379,15,1,16
358,16,0,16
357,1,0,1
323,205,2,211
338,1,0,1
345,76,1,76
341,5,0,5
339,1,0,1
343,113,0,113
366,93,0,93
347,8,1,9
351,191,7,198
371,40,0,40
370,11,0,11
373,7,0,7
374,40,0,40
377,2,0,2
376,2,0,2
362,55,6,61
360,3,0,3
380,24,0,24
381,27,0,27
386,4,0,4
389,29,0,29
388,29,0,29
390,77,0,77
367,160,0,160
352,25,1,26
353,144,25,169
369,1,0,1
361,3,1,4
385,5,0,5
384,14,0,14
452,180,2,181
5246,0,0,0
5247,0,0,0
397,0,0,0
404,0,0,0
405,0,0,0
406,0,0,0
413,0,0,0
414,0,0,0
416,0,0,0
434,0,0,0
439,0,0,0
441,0,0,0
467,0,0,0
412,10,0,10
403,69,0,69
427,3,0,3
398,160,0,160
428,3,0,3
419,117,0,117
437,0,1,1
455,136,0,136
423,2,0,2
418,24,0,24
459,8,0,8
471,144,2,146
438,12,0,12
402,10,0,10
401,64,0,64
417,15,0,15
426,39,0,39
430,6,0,6
410,1,0,1
450,8,0,8
409,8,0,8
433,126,3,129
466,1,0,1
411,23,0,23
469,123,1,124
415,7,0,7
408,16,0,16
461,121,35,156
460,15,0,15
422,2,0,2
420,60,0,60
425,6,0,6
444,76,0,76
445,20,0,20
431,6,0,6
449,2,0,2
432,1,0,1
429,23,0,23
436,10,1,11
462,47,0,47
448,28,1,28
435,10,0,10
447,7,0,7
457,4,0,4
443,87,8,95
468,118,2,120
442,20,2,22
440,1,0,1
465,1,0,1
451,0,1,1
464,2,0,2
446,25,0,25
456,103,1,104
470,37,0,37
454,39,1,41
453,96,2,98
458,80,0,80
463,1,0,1
487,0,0,0
506,0,0,0
518,0,0,0
526,0,0,0
532,0,0,0
549,0,0,0
548,14,0,14
516,1,0,1
536,2,0,2
480,46,0,46
488,364,1,365
485,215,0,215
543,7,0,7
505,1,0,1
474,0,14,14
489,3,0,3
531,82,1,83
495,2,0,2
527,60,0,60
493,1,0,1
479,24,0,24
537,2,0,2
512,4,0,4
498,1,0,1
482,196,0,195
496,25,0,22
502,3,0,3
483,72,0,72
503,6,0,6
545,99,0,99
524,6,0,6
484,2,0,2
491,153,2,155
513,73,1,74
530,9,0,9
490,19,0,19
486,6,0,6
492,3,0,3
497,45,1,46
514,4,0,4
515,17,0,17
544,9,0,9
481,128,2,129
504,42,4,46
500,12,0,12
501,3,0,3
547,5,0,5
528,73,0,73
509,11,0,11
533,2,0,2
534,2,0,2
535,2,0,2
511,128,0,126
517,250,1,251
538,13,0,13
499,177,2,179
542,33,0,33
539,13,0,13
540,13,0,13
541,26,0,26
519,32,0,32
546,40,1,41
508,94,1,95
507,313,3,316
522,17,0,17
520,17,3,18
529,12,0,12
521,2,0,2
563,54,0,53
558,0,0,0
559,0,0,0
561,0,0,0
569,0,0,0
570,0,0,0
572,0,0,0
578,0,0,0
582,0,0,0
583,0,0,0
594,0,0,0
596,0,0,0
600,0,0,0
601,0,0,0
625,0,0,0
556,110,0,110
612,2,0,2
577,5,0,5
605,35,0,35
565,10,0,10
562,4,0,4
567,19,0,19
626,4,0,4
568,14,0,14
615,11,0,11
589,8,0,8
553,3,0,3
617,3,0,3
557,75,0,75
579,5,0,5
581,10,0,10
560,5,0,5
586,7,0,7
564,10,0,10
609,7,0,7
627,38,0,38
566,52,0,52
593,47,0,47
611,5,0,5
602,15,0,15
575,73,1,74
571,255,6,261
619,2,0,2
614,0,0,1
622,58,0,58
573,19,0,19
574,5,0,5
576,1,0,1
606,2,0,2
585,49,0,49
590,36,0,36
588,14,1,15
610,1,0,1
580,49,0,42
591,13,0,13
595,199,0,199
597,34,1,35
587,3,0,3
599,59,1,60
620,10,0,10
621,5,0,5
623,1,0,1
608,15,3,18
624,10,0,10
603,65,0,65
604,65,0,65
607,5,0,5
592,119,1,120
613,59,0,59
616,36,0,36
618,10,0,10
629,0,0,0
630,0,0,0
670,50,1,48
639,0,0,0
653,0,0,0
659,0,0,0
664,0,0,0
685,0,0,0
689,0,0,0
692,0,0,0
697,0,0,0
703,0,0,0
633,4,0,4
687,42,0,42
696,1,0,1
654,16,0,16
657,70,0,70
691,7,0,7
700,4,0,4
643,4,0,4
682,2,0,2
648,43,0,43
647,3,0,3
668,1,0,1
649,1,0,1
680,8,0,8
669,25,0,25
661,8,0,8
635,4,0,4
699,2,0,2
688,42,0,42
698,3,0,3
705,3,0,3
665,18,0,18
666,2,0,2
644,17,0,17
690,1,0,1
667,2,0,2
651,49,0,49
631,211,4,214
652,2,0,2
701,10,0,10
702,35,0,35
636,111,3,115
634,30,1,31
638,7,1,8
640,12,1,13
641,173,2,175
658,1,0,1
642,185,1,186
660,3,0,3
663,12,1,13
693,1,1,2
650,102,1,103
672,6,0,6
674,109,1,110
694,4,0,4
675,39,0,39
677,76,0,76
678,2,0,2
704,2,0,2
681,9,0,9
695,64,3,67
684,1,0,1
683,12,0,12
676,21,0,21
671,11,1,12
686,3,0,3
707,0,0,0
714,0,0,0
715,0,0,0
721,0,0,0
734,0,0,0
735,0,0,0
736,0,0,0
737,0,0,0
744,0,0,0
750,0,0,0
761,0,0,0
780,0,0,0
781,0,0,0
782,0,0,0
727,10,0,10
711,14,0,14
748,117,0,117
713,1,0,1
746,7,0,7
719,2,0,2
723,42,0,42
741,21,0,21
716,45,0,45
740,6,0,6
767,5,0,5
725,1,0,1
708,1,0,1
749,6,0,6
769,3,0,3
712,14,0,14
751,1,0,1
733,2,0,2
757,265,1,267
718,57,0,57
742,10,0,10
722,1,0,1
710,185,5,190
724,19,0,19
726,10,0,10
772,1,0,1
752,1,0,1
730,7,0,7
731,31,0,31
753,1,0,1
775,4,0,4
739,87,1,88
759,4,0,4
779,29,0,29
783,4,0,4
760,14,0,14
765,11,0,11
766,5,0,5
768,28,0,28
743,58,0,58
745,23,0,23
770,25,0,25
747,50,0,50
771,1,0,1
754,1,0,1
773,2,0,2
756,15,0,15
729,52,1,53
755,76,0,76
774,42,0,42
758,4,0,4
762,1,0,1
777,1,0,1
776,2,0,2
801,0,0,0
802,0,0,0
805,0,0,0
806,0,0,0
807,0,0,0
810,0,0,0
818,0,0,0
821,0,0,0
822,0,0,0
787,66,0,66
827,6,0,6
792,5,0,5
856,13,0,13
838,68,1,69
835,21,0,21
791,17,0,17
798,137,0,137
799,10,0,10
841,222,2,224
823,15,0,15
804,5,0,5
825,1,0,1
809,4,0,4
785,10,0,10
848,76,1,77
788,1,0,1
789,2,0,2
794,1,0,1
816,2,0,2
820,53,0,53
795,6,0,6
800,20,0,20
861,8,0,8
849,3,0,3
858,41,3,44
829,12,0,12
852,6,0,6
793,116,8,124
831,2,0,2
832,50,0,50
813,2,0,2
815,1,0,1
814,3,0,3
859,2,0,2
812,12,0,12
836,5,0,5
819,4,0,4
803,76,1,77
847,123,1,124
842,14,0,15
824,10,0,10
845,1,0,1
808,42,1,43
826,19,0,19
853,2,0,2
830,4,0,4
860,34,1,35
834,156,32,188
837,68,1,69
833,3,0,3
857,7,0,7
850,134,2,136
855,28,9,37
854,236,1,237
840,26,0,26
839,69,0,69
844,3,0,3
846,2,0,2
851,13,0,13
869,0,0,0
878,0,0,0
889,0,0,0
890,0,0,0
909,0,0,0
921,0,0,0
923,0,0,0
928,0,0,0
936,0,0,0
938,0,0,0
940,0,0,0
872,45,0,45
886,66,0,66
933,3,0,3
911,30,0,30
913,13,0,13
914,8,0,8
877,10,2,12
876,9,0,9
924,6,0,6
926,16,0,16
870,5,0,5
900,13,0,13
899,5,0,5
905,13,0,13
868,28,0,28
867,1,0,1
879,8,0,8
931,1,0,1
871,21,0,21
873,9,0,9
919,2,0,2
896,2,0,2
880,11,0,11
901,28,0,28
927,145,2,147
882,110,0,110
895,2,0,2
903,1,0,1
929,51,0,50
906,30,0,30
904,13,0,13
884,1,0,1
930,10,0,10
910,5,0,5
907,3,0,3
887,41,0,41
891,37,0,37
934,12,0,12
935,151,0,151
893,1,0,1
894,1,0,1
920,8,0,8
937,1,0,1
917,8,0,8
898,7,0,7
897,2,0,2
922,1,0,1
883,11,1,12
925,9,0,9
885,339,7,339
908,3,0,3
932,1,0,1
892,110,1,111
939,3,0,3
912,7,0,7
915,5,0,5
902,23,1,24
959,0,0,0
960,0,0,0
966,0,0,0
973,0,0,0
976,0,0,0
988,0,0,0
992,0,0,0
993,0,0,0
994,0,0,0
1004,0,0,0
951,1,0,1
985,6,0,6
969,5,0,6
961,3,0,3
949,1,0,1
1016,8,0,8
944,3,0,3
955,1,0,1
990,2,0,2
956,7,0,7
957,7,0,7
977,1,0,1
972,15,0,15
982,54,0,52
983,6,0,6
964,56,0,59
965,140,4,144
1007,1,0,1
970,2,0,3
1003,10,0,10
943,14,0,14
946,3,0,4
1008,89,3,92
948,14,0,14
950,56,0,56
953,85,1,86
952,86,0,88
947,3,0,4
975,59,1,60
998,19,0,19
999,4,0,4
1005,4,0,4
968,34,0,35
967,4,0,4
1011,1,0,1
974,5,0,5
1017,4,0,4
997,11,0,11
958,163,1,164
978,4,0,4
979,18,0,18
980,7,0,7
981,2,0,2
984,6,0,6
987,6,0,3
1009,3,0,3
1012,2,0,2
1010,8,0,8
989,20,1,21
1015,3,0,3
1013,2,0,2
986,63,1,64
1006,4,0,4
1014,11,0,11
991,3,0,3
996,19,0,19
995,2,0,2
1000,7,0,7
1001,2,0,2
1002,55,0,55
1074,43,1,39
1065,272,2,273
1037,0,0,0
1042,0,0,0
1058,0,0,0
1060,0,0,0
1064,0,0,0
1078,0,0,0
1082,0,0,0
1087,0,0,0
1088,0,0,0
1089,0,0,0
1053,4,0,4
1031,2,0,2
1025,1,0,1
1026,1,0,1
1066,39,0,39
1023,18,0,18
1030,2,0,2
1032,4,0,4
1040,1,0,1
1047,2,0,2
1033,21,0,21
1028,1,0,1
1050,50,1,51
1020,12,0,12
1021,1,0,1
1052,2,0,2
1091,1,0,1
1027,21,0,21
1029,3,0,3
1081,3,0,3
1079,5,0,5
1034,1,0,1
1036,1,0,1
1055,2,0,2
1054,11,0,11
1093,4,0,4
1043,15,0,15
1059,1,0,1
1038,6,0,6
1061,1,0,1
1039,4,0,4
1067,66,1,67
1068,16,0,16
1069,44,0,44
1057,10,0,10
1072,8,0,8
1035,19,0,19
1090,62,0,62
1092,9,0,9
1044,214,7,221
1041,20,0,20
1094,3,0,3
1077,1,0,1
1080,2,0,2
1048,2,0,2
1049,4,0,4
1051,54,0,54
1084,1,0,1
1085,20,0,20
1075,1,0,1
1062,5,0,5
1071,3,0,3
1070,1,0,1
1095,1,0,1
1076,10,0,10
1083,1,0,1
1086,4,0,4
1121,0,0,0
1122,0,0,0
1123,0,0,0
1141,0,0,0
1159,0,0,0
1168,0,0,0
1102,4,0,4
1131,52,0,52
1132,16,0,16
1124,6,0,6
1112,1,0,1
1145,3,0,3
1113,1,0,1
1128,1,0,1
1134,67,0,67
1114,28,0,28
1151,3,0,3
1116,2,0,2
1118,8,0,8
1138,1,0,1
1171,13,0,13
1119,38,0,38
1155,4,0,4
1127,1,0,1
1161,3,0,3
1162,3,0,3
1117,35,0,35
1129,1,0,1
1097,1,0,1
1130,7,0,7
1120,7,0,7
1101,26,0,26
1105,8,0,8
1133,21,0,21
1164,5,0,5
1115,4,0,4
1103,4,0,4
1126,8,0,8
1153,37,0,37
1107,3,0,3
1111,2,0,2
1125,68,1,69
1172,3,0,3
1109,92,1,93
1135,2,0,2
1147,2,0,2
1150,12,0,12
1152,7,0,7
1136,1,0,1
1157,1,0,1
1140,25,1,26
1160,3,0,3
1110,92,1,93
1139,6,0,6
1165,5,0,5
1163,3,0,3
1154,21,0,21
1137,61,0,61
1167,1,0,1
1170,2,0,2
1169,4,0,4
1156,2,0,2
1142,2,0,2
1143,22,0,22
1144,3,0,3
1146,3,0,3
1149,3,0,3
1210,23,1,23
1182,0,0,0
1183,0,0,0
1202,0,0,0
1207,0,0,0
1213,0,0,0
1216,0,0,0
1224,0,0,0
1245,0,0,0
1249,0,0,0
1250,0,0,0
1177,3,0,3
1199,11,0,11
1180,10,0,10
1222,1,0,1
1184,8,0,8
1187,1,0,1
1237,6,0,6
1204,7,0,7
1248,4,0,4
1221,58,0,57
1174,14,0,14
1176,6,0,6
1235,1,0,1
1223,3,0,3
1206,2,0,2
1200,7,0,7
1185,1,0,1
1238,16,0,16
1201,14,0,14
1194,1,0,1
1228,1,0,1
1242,1,0,1
1229,1,0,1
1209,4,0,4
1189,11,0,11
1208,2,0,2
1214,2,0,2
1191,38,0,38
1186,13,0,13
1246,14,0,14
1220,23,0,23
1192,6,0,6
1193,6,0,6
1197,2,0,2
1195,16,0,16
1226,16,0,16
1198,5,0,5
1190,11,0,11
1203,19,0,19
1227,10,0,10
1205,10,0,10
1232,13,0,13
1233,6,0,6
1211,1,0,1
1240,1,0,1
1225,10,0,10
1241,1,0,1
1243,4,0,4
1244,2,0,2
1230,14,0,14
1231,4,0,4
1234,187,7,194
1247,10,0,10
1217,30,1,31
1236,3,0,3
1218,20,3,23
1239,5,0,5
1251,0,0,0
1252,0,0,0
1263,0,0,0
1264,0,0,0
1276,0,0,0
1278,0,0,0
1279,0,0,0
1280,0,0,0
1281,0,0,0
1295,0,0,0
1296,0,0,0
1301,0,0,0
1309,0,0,0
1313,0,0,0
1315,0,0,0
1324,0,0,0
1259,17,0,17
1260,1,0,1
1261,1,0,1
1322,5,0,5
1262,14,0,14
1265,16,0,16
1268,3,0,3
1267,1,0,1
1303,31,0,31
1287,2,0,2
1272,27,4,31
1311,8,0,8
1292,2,0,2
1293,2,0,2
1316,10,0,10
1320,1,0,1
1266,3,0,3
1256,1,0,1
1258,7,0,7
1291,18,0,18
1277,4,0,4
1285,2,0,2
1270,2,0,2
1271,1,0,1
1307,4,0,4
1275,7,0,7
1294,7,0,7
1306,6,0,6
1321,10,0,10
1283,4,0,4
1282,1,0,1
1299,1,0,1
1269,26,3,29
1286,32,0,32
1284,5,0,5
1305,28,0,28
1310,62,0,62
1314,4,0,4
1288,2,0,2
1317,6,0,6
1298,36,3,39
1289,2,0,2
1290,1,0,1
1319,5,0,5
1297,3,0,3
1312,8,0,8
1325,10,0,10
1326,3,0,3
1300,2,0,2
1302,1,0,1
1304,28,0,28
1308,5,0,5
1318,9,0,9
1327,1,0,1
1352,0,0,0
1362,0,0,0
1364,0,0,0
1365,0,0,0
1367,0,0,0
1368,0,0,0
1369,0,0,0
1372,0,0,0
1389,0,0,0
1399,0,0,0
1400,0,0,0
1402,1,0,1
1350,4,0,4
1371,5,0,5
1354,12,0,12
1338,15,0,15
1356,11,0,11
1349,4,0,4
1393,8,0,8
1329,17,0,17
1405,9,0,9
1366,18,0,18
1344,1,0,1
1353,5,0,5
1345,1,0,1
1347,15,0,15
1348,1,0,1
1339,14,1,15
1343,4,0,4
1335,9,0,9
1336,3,0,3
1391,7,0,7
1334,8,0,8
1370,12,0,12
1403,3,0,3
1359,5,0,5
1340,8,0,8
1342,4,0,4
1341,12,0,12
1387,33,0,33
1346,4,0,4
1351,2,0,2
1397,1,0,1
1378,7,0,7
1398,24,0,24
1355,7,0,7
1401,5,0,5
1358,1,0,1
1360,8,0,8
1361,21,0,21
1379,1,0,1
1357,2,0,2
1390,6,0,6
1392,1,0,1
1376,3,0,3
1394,6,0,6
1395,6,0,6
1373,16,0,16
1374,73,0,73
1377,20,0,20
1380,7,0,7
1388,88,1,89
1384,12,0,12
1375,10,0,10
1363,23,1,24
1404,14,0,14
1385,8,0,8
1386,32,0,32
1396,2,0,2
1416,0,0,0
1428,0,0,0
1454,0,0,0
1457,0,0,0
1458,0,0,0
1465,0,0,0
1466,0,0,0
1469,0,0,0
1470,0,0,0
1475,0,0,0
1476,0,0,0
1481,0,0,0
1414,4,0,4
1412,9,0,9
1433,3,0,3
1472,16,0,16
1420,33,7,40
1447,92,0,91
1463,95,0,95
1456,2,0,2
1441,56,0,56
1423,7,0,7
1425,3,0,3
1444,2,0,2
1482,2,0,2
1419,18,0,17
1448,14,0,14
1410,1,0,1
1409,2,0,2
1431,5,0,5
1436,9,0,9
1417,17,0,17
1435,6,0,4
1439,4,0,4
1459,10,0,10
1440,18,0,18
1415,1,0,1
1421,4,0,7
1422,8,0,8
1424,2,0,2
1462,3,0,3
1427,5,0,5
1450,2,0,2
1449,12,0,12
1480,64,1,65
1430,1,0,1
1429,17,0,17
1451,2,0,2
1452,20,0,20
1432,18,0,18
1453,1,0,1
1438,82,0,82
1477,2,0,2
1437,40,0,40
1464,1,0,1
1483,2,0,2
1443,9,0,9
1442,10,0,10
1446,1,0,1
1445,8,0,8
1467,5,0,5
1479,37,6,44
1455,75,0,75
1473,44,1,44
1478,15,0,15
1460,40,0,40
1461,6,0,6
1468,12,0,12
1471,7,0,7
1474,1,0,1
1488,0,0,0
1492,0,0,0
1493,0,0,0
1496,0,0,0
1502,0,0,0
1505,0,0,0
1509,0,0,0
1511,0,0,0
1513,0,0,0
1515,0,0,0
1516,0,0,0
1538,0,0,0
1540,0,0,0
1543,0,0,0
1549,0,0,0
1510,15,0,15
1520,8,0,8
1517,20,0,20
1518,2,0,2
1498,18,0,18
1532,17,11,28
1522,8,0,8
1523,134,0,134
1544,51,0,45
1506,59,0,59
1500,3,0,3
1531,6,0,6
1512,2,0,2
1552,11,0,11
1529,1,0,1
1490,2,0,2
1494,9,0,9
1495,15,0,15
1558,51,0,51
1489,11,0,11
1497,10,0,10
1503,2,0,2
1504,16,0,16
1507,12,0,12
1487,3,3,6
1508,1,0,1
1514,11,0,11
1535,7,0,7
1537,10,0,10
1554,7,0,7
1556,15,0,15
1559,4,0,4
1519,22,0,22
1560,4,0,4
1553,1,0,1
1545,6,1,7
1546,7,0,7
1528,1,0,1
1536,10,0,10
1550,2,0,2
1527,22,9,31
1555,9,0,9
1530,3,0,3
1534,7,0,7
1526,1,0,1
1533,1,0,1
1561,44,0,44
1557,18,0,18
1539,3,0,3
1542,2,0,2
1541,3,0,3
1547,7,0,7
1548,1,0,1
1551,1,0,1
1577,0,0,0
1581,0,0,0
1592,0,0,0
1596,0,0,0
1597,0,0,0
1598,0,0,0
1599,0,0,0
1600,0,0,0
1606,0,0,0
1623,0,0,0
1627,0,0,0
1631,0,0,0
1637,0,0,0
1640,0,0,0
1641,0,0,0
1646,0,0,0
1651,0,0,0
1566,4,0,4
1586,2,0,2
1583,3,0,3
1643,7,0,7
1591,12,0,12
1574,2,0,2
1593,17,0,17
1575,11,0,11
1576,2,0,2
1633,5,5,10
1580,14,0,14
1604,3,0,3
1602,6,0,6
1564,11,0,11
1565,1,0,1
1638,8,0,8
1567,13,0,13
1571,19,4,23
1587,4,0,4
1605,9,0,9
1609,12,0,12
1590,5,0,5
1573,3,0,3
1630,5,1,6
1572,1,0,1
1578,8,0,8
1601,13,0,13
1579,5,0,5
1585,40,0,40
1584,1,0,1
1607,17,0,17
1582,7,0,7
1589,2,0,2
1625,5,0,5
1634,21,0,21
1648,1,0,1
1628,1,0,1
1595,1,0,1
1645,3,0,3
1603,8,0,8
1884,2,0,2
1649,5,0,5
1639,5,0,5
1624,15,2,17
1644,5,0,5
1608,3,0,3
1650,25,0,25
1626,14,0,14
1594,12,1,13
1629,7,0,7
1635,3,0,3
1636,1,0,1
1642,13,0,13
1647,118,0,118
1659,0,0,0
1660,0,0,0
1675,0,0,0
1681,0,0,0
1696,0,0,0
1702,0,0,0
1710,0,0,0
1711,0,0,0
1712,0,0,0
1716,0,0,0
1723,0,0,0
1657,1,0,1
1695,115,4,119
1658,15,0,15
1679,8,0,8
1697,13,0,13
1666,2,0,2
1685,1,0,1
1670,1,0,1
1669,162,1,163
1689,3,0,3
1690,30,0,30
1715,1,0,1
1671,19,0,19
1694,6,0,6
1654,3,0,3
1717,65,0,65
1661,18,0,18
1700,80,0,80
1662,7,0,7
1682,5,0,5
1663,5,0,5
1665,40,0,40
1667,4,0,4
1725,4,0,4
1687,1,0,1
1713,22,1,23
1714,17,1,18
1672,21,0,21
1653,21,29,50
1692,1,0,1
1674,3,0,3
1673,2,0,2
1720,6,0,6
1722,14,0,14
1677,1,0,1
1676,5,0,5
1678,8,0,8
1684,15,1,16
1683,3,0,3
1705,10,0,10
1706,4,0,4
1707,10,0,10
1686,5,0,5
1688,7,0,7
1729,3,0,3
1718,11,0,11
1693,1,0,1
1721,3,0,3
1699,55,0,53
1724,3,0,3
1698,1,0,1
1703,11,0,11
1727,6,0,6
1726,18,0,18
1728,5,0,5
1691,2,1,3
1704,40,0,40
1708,1,0,1
1719,1,0,1
1737,0,0,0
1738,0,0,0
1757,0,0,0
1761,0,0,0
1763,0,0,0
1766,0,0,0
1773,0,0,0
1786,0,0,0
1789,0,0,0
1794,0,0,0
1797,0,0,0
1803,0,0,0
1765,34,0,34
1780,49,2,51
1758,1,0,1
1739,20,21,41
1741,4,0,4
1742,2,1,3
1782,4,0,4
1798,14,0,14
1746,1,0,1
1767,2,0,2
1747,16,0,16
1749,1,0,1
1800,8,0,8
1752,2,0,2
1733,2,0,2
1754,9,0,9
1734,1,0,1
1756,12,0,12
1755,3,0,3
1736,23,0,23
1735,1,0,1
1760,8,0,8
1801,5,0,5
1740,2,0,2
1743,1,0,1
1744,8,0,8
1776,11,0,11
1779,2,0,2
1748,3,0,3
1750,14,0,14
1753,4,0,4
1791,1,0,1
1759,2,0,2
1799,3,0,3
1792,4,0,4
1771,4,0,4
1802,2,0,2
1764,22,0,22
1762,67,0,67
1805,4,0,4
1778,2,0,2
1770,10,0,10
1790,2,0,2
1774,2,0,2
1775,12,0,12
1796,4,0,4
1787,28,0,28
1806,4,0,4
1781,44,0,44
1783,4,0,4
1804,4,0,4
1785,3,0,3
1795,5,3,8
1777,4,0,4
1772,9,6,15
1788,16,0,16
1877,16,0,15
1831,0,0,0
1843,0,0,0
1846,0,0,0
1865,0,0,0
1869,0,0,0
1876,0,0,0
1881,0,0,0
1847,1,0,1
1874,15,0,15
1857,3,0,3
1883,75,1,76
1818,16,0,16
1821,6,0,6
1861,6,0,6
1854,1,0,1
1823,6,0,6
1878,1,0,1
1840,4,0,4
1855,2,0,2
1844,4,0,4
1871,3,0,3
1852,6,0,6
1813,4,0,4
1814,4,0,4
1882,3,0,3
1815,6,0,6
1850,10,0,10
1817,3,0,3
1819,4,0,4
1880,1,0,1
1820,7,0,7
1822,5,0,5
1824,12,0,12
1826,19,0,19
1827,4,0,4
1848,1,0,1
1849,2,0,2
1870,20,0,20
1836,0,2,2
1875,6,0,6
1816,3,1,4
1833,27,0,27
1832,5,0,5
1873,4,0,4
1834,4,0,4
1879,2,0,2
1835,12,1,13
1862,8,0,8
1842,6,19,25
1863,2,0,2
1839,5,0,5
1864,17,0,17
1866,1,0,1
1841,2,0,2
1825,62,0,60
1828,0,1,1
1830,0,1,1
1853,1,0,1
1856,5,0,5
1837,0,2,2
1858,2,0,2
1845,9,1,10
1868,7,0,7
1872,1,0,1
1907,4,0,3
1894,0,0,0
1895,0,0,0
1898,0,0,0
1915,0,0,0
1921,0,0,0
1939,0,0,0
1954,0,0,0
1955,0,0,0
1903,1,0,1
1932,23,1,24
1913,2,0,2
1918,48,0,48
1896,5,0,5
1940,3,0,3
1922,4,0,4
1961,1,0,1
1906,3,0,3
1947,4,1,5
1944,5,0,5
1925,2,0,2
1888,34,0,34
1928,3,0,3
1909,1,0,1
1911,2,0,2
1890,4,0,4
1953,2,0,2
1891,28,0,28
1905,3,0,3
1899,2,1,3
1941,11,0,11
1893,14,0,14
1897,10,0,10
1920,21,0,21
1900,4,0,4
1919,33,0,33
1908,2,0,2
1929,2,0,2
1910,1,0,1
1936,11,0,11
1950,8,0,8
1949,3,0,3
1912,2,0,2
1916,11,0,11
1914,8,0,8
1935,1,0,1
1938,6,3,9
1960,1,0,1
1904,1,1,2
1962,1,0,1
1942,13,0,13
1923,5,0,5
1926,5,0,5
1930,5,9,14
1927,25,0,25
1952,11,0,11
1951,4,0,4
1931,5,0,5
1934,4,1,5
1956,4,0,4
1959,13,0,13
1957,1,0,1
1933,22,0,22
1946,11,0,11
1937,1,0,1
1958,10,0,10
1943,8,0,8
1945,3,0,3
1948,1,0,1
1973,0,0,0
1974,0,0,0
1982,0,0,0
1994,0,0,0
2005,0,0,0
2031,0,0,0
2037,0,0,0
2023,8,0,8
2033,6,0,6
1988,31,0,31
2030,1,0,1
1993,6,0,6
1991,53,0,53
1977,12,0,12
1978,1,0,1
2038,14,0,14
1980,1,0,1
2027,7,1,8
2001,1,0,1
1965,2,0,2
2003,6,0,6
1968,5,0,5
1969,5,0,5
2012,3,0,3
1972,44,0,44
1967,1,0,1
1975,2,0,2
2000,7,0,7
2036,2,0,2
1997,3,0,3
1979,1,0,1
1981,4,0,4
1983,15,0,15
2041,2,0,2
2013,45,0,45
2008,12,0,12
2024,2,0,2
1985,22,0,22
1986,5,0,5
1989,3,0,3
2007,26,0,26
2034,3,0,3
1992,18,0,18
1996,19,0,19
2011,5,0,5
2002,3,0,3
2017,6,2,8
1998,1,0,1
2004,3,0,3
1999,1,0,1
2022,2,0,2
2016,9,1,10
2010,2,0,2
2006,3,0,3
2035,8,0,8
2032,7,0,7
2009,1,0,1
2039,6,0,6
2014,5,0,5
2015,9,0,9
2021,2,0,2
2040,12,2,14
2025,9,0,9
2028,4,0,4
2026,17,0,17
2029,2,0,2
2059,0,0,0
2067,0,0,0
2068,0,0,0
2069,0,0,0
2081,0,0,0
2084,0,0,0
2117,0,0,0
2118,0,0,0
2047,23,0,23
2074,45,1,46
2051,13,0,13
2064,8,0,8
2076,27,0,28
2052,6,0,6
2106,25,0,25
2054,4,0,4
2078,2,0,2
2111,31,1,32
2079,6,0,6
2063,5,0,5
2102,2,0,2
2112,5,0,5
2057,1,0,1
2103,4,0,4
2113,17,0,17
2070,11,0,14
2049,14,0,14
2045,4,0,4
2065,10,0,10
2075,27,0,27
2050,13,0,13
2058,26,0,26
2080,7,0,7
2055,1,0,1
2099,1,0,1
2119,1,0,1
2082,7,0,7
2060,1,0,1
2062,3,0,3
2046,43,1,44
2061,5,0,5
2066,5,0,5
2114,14,0,14
2105,9,0,9
2115,2,0,2
2077,2,0,2
2073,1,0,1
2087,4,0,4
2098,6,0,6
2116,15,1,16
2107,26,0,26
2083,3,0,3
2104,1,0,1
2088,2,0,2
2110,1,0,1
2109,3,0,3
2085,3,0,3
2086,3,0,3
2072,6,2,8
2071,3,2,5
2101,47,1,48
2092,3,0,4
2097,6,0,6
2093,5,0,5
2095,2,0,2
2090,5,0,5
2096,7,0,7
2120,0,0,0
2122,0,0,0
2129,0,0,0
2166,0,0,0
2176,0,0,0
2124,11,0,11
2127,2,0,2
2142,1,0,1
2145,2,0,2
2146,6,0,6
2132,2,0,2
2192,2,0,2
2177,12,0,12
2194,22,0,22
2160,4,0,4
2163,23,0,23
2154,1,0,1
2125,17,0,17
2128,3,0,3
2182,2,0,2
2130,2,0,2
2168,1,0,1
2170,1,0,1
2131,4,0,4
2137,4,0,4
2151,5,0,5
2133,2,0,2
2190,10,0,10
2196,1,0,1
2161,2,0,2
2144,2,0,2
2136,5,0,5
2135,1,0,1
2138,5,0,5
2164,1,0,1
2139,8,0,8
2165,6,0,6
2143,2,1,3
2184,9,0,9
2167,1,0,1
2187,2,0,2
2169,14,0,14
2148,3,0,3
2188,3,0,3
2149,2,0,2
2153,7,0,7
2189,10,0,10
2174,2,0,2
2179,7,0,7
2157,58,0,58
2158,35,0,35
2180,5,0,5
2150,3,0,3
2159,7,0,7
2162,1,0,1
2185,1,0,1
2156,52,0,52
2172,6,0,6
2191,8,0,8
2155,8,1,9
2173,13,0,13
2175,3,0,3
2178,7,0,7
2197,3,0,3
2193,1,0,1
2195,1,0,1
2181,9,0,9
2183,6,0,6
2186,7,0,7
2204,0,0,0
2206,0,0,0
2215,0,0,0
2219,0,0,0
2224,0,0,0
2250,0,0,0
2255,0,0,0
2258,0,0,0
2262,0,0,0
2267,0,0,0
2202,1,0,1
2227,2,0,2
2228,1,0,1
2205,2,0,2
2230,2,0,2
2247,1,0,1
2210,4,0,4
2211,2,0,2
2234,3,0,3
2217,3,0,3
2216,1,0,1
2235,1,0,1
2237,3,0,3
2200,3,0,3
2221,2,0,2
2264,1,0,1
2201,11,0,11
2229,3,0,3
2269,13,0,13
2207,10,0,10
2246,1,0,1
2208,28,0,28
2270,3,0,3
2212,2,0,2
2214,11,0,11
2236,3,0,3
2238,25,0,25
2266,13,0,13
2223,28,0,28
2265,4,0,4
2218,1,0,1
2225,11,0,11
2226,11,0,11
2259,3,0,3
2245,5,0,5
2252,3,1,4
2268,4,0,4
2273,3,0,3
2253,3,0,3
2232,4,0,4
2256,5,0,5
2233,3,0,3
2220,9,8,17
2257,1,0,1
2274,22,36,58
2260,13,0,13
2261,15,0,15
2271,3,0,3
2243,18,0,18
2240,1,0,1
2241,11,0,11
2263,1,0,1
2231,18,3,21
2248,2,0,2
2249,2,0,2
2251,9,1,10
2254,8,0,8
2242,32,0,32
2272,3,0,3
2286,0,0,0
2312,0,0,0
2318,0,0,0
2319,0,0,0
2327,0,0,0
2328,0,0,0
2329,0,0,0
2330,0,0,0
2340,0,0,0
2341,0,0,0
2342,0,0,0
2343,0,0,0
2346,0,0,0
2298,1,0,1
2302,13,0,13
2322,1,0,1
2282,3,0,3
2284,2,0,2
2308,1,0,1
2309,4,0,4
2326,12,0,12
2311,1,0,1
2290,1,0,1
2294,12,0,12
2350,1,0,1
2347,1,0,1
2325,2,0,2
2279,19,0,19
2280,1,0,1
2323,3,0,3
2281,5,0,5
2283,5,0,5
2285,1,0,1
2303,8,0,8
2307,6,0,6
2287,14,0,14
2349,24,0,24
2313,1,0,1
2314,3,0,3
2289,1,0,1
2315,8,0,8
2291,1,0,1
2337,59,2,61
2316,2,0,2
2293,4,0,4
2335,12,0,12
2297,3,0,3
2295,3,0,3
2333,2,0,2
2305,2,0,2
2324,8,0,8
2304,9,0,9
2306,11,0,9
2351,5,0,5
2310,55,0,55
2317,5,0,3
2344,19,0,19
2296,18,1,19
2339,14,0,14
2334,12,0,12
2320,2,0,2
2321,7,0,7
2332,4,0,4
2331,14,0,14
2352,2,0,2
2338,1,0,0
2353,5,0,5
2336,5,0,5
2345,3,0,3
2348,28,0,28
2368,0,0,0
2370,0,0,0
2371,0,0,0
2383,0,0,0
2391,0,0,0
2398,0,0,0
2399,0,0,0
2403,0,0,0
2405,0,0,0
2417,0,0,0
2427,0,0,0
2378,4,0,4
2395,1,0,1
2363,7,0,7
2365,2,0,2
2362,10,0,10
2369,20,0,20
2404,2,0,2
2410,5,0,5
2387,2,0,2
2376,2,0,2
2393,3,0,3
2420,5,0,5
2358,5,0,5
2425,1,0,1
2377,60,0,60
2357,1,0,1
2397,1,0,1
2361,3,0,3
2374,3,0,3
2360,3,0,3
2406,19,0,19
2367,8,0,8
2409,3,0,3
2372,11,0,11
2373,1,0,1
2390,1,0,1
2375,3,0,3
2379,5,0,5
2380,4,0,4
2396,4,0,4
2423,1,0,1
2381,7,0,7
2382,3,0,3
2426,6,0,6
2385,5,4,9
2408,1,0,1
2386,4,20,24
2384,19,0,19
2411,2,0,2
2424,2,0,2
2412,2,1,3
2422,17,1,18
2413,2,0,2
2392,1,0,1
2416,1,0,1
2421,5,0,5
2419,8,0,8
2394,1,0,1
2400,35,1,36
2430,12,0,12
2389,7,0,7
2401,7,0,7
2429,3,0,3
2414,4,1,5
2402,3,0,3
2407,1,0,1
2415,88,0,88
2437,0,0,0
2442,0,0,0
2449,0,0,0
2450,0,0,0
2460,0,0,0
2464,0,0,0
2465,0,0,0
2471,0,0,0
2472,0,0,0
2435,1,0,1
2495,8,0,8
2436,2,0,2
2440,8,0,8
2462,1,0,1
2445,20,0,20
2503,7,0,7
2457,2,0,2
2448,8,0,8
2505,3,0,3
2497,6,0,6
2491,1,0,1
2492,53,0,53
2456,1,0,1
2432,3,0,3
2458,2,0,2
2459,1,0,1
2481,1,0,1
2461,1,0,1
2438,8,0,8
2441,3,0,3
2463,2,0,2
2443,9,0,9
2506,1,0,1
2446,24,0,24
2469,2,0,2
2451,1,0,1
2444,13,0,13
2476,3,0,3
2452,1,0,1
2455,1,0,1
2496,6,0,6
2482,1,0,1
2499,1,0,1
2502,4,0,4
2501,4,0,4
2447,14,1,15
2466,9,0,9
2468,2,0,1
2498,1,0,1
2489,3,0,3
2473,1,0,1
2490,1,0,1
2474,6,0,6
2493,1,0,1
2475,1,0,1
2494,8,0,8
2470,6,0,6
2477,5,0,5
2478,8,0,8
2500,3,0,3
2479,1,0,1
2504,4,0,4
2480,3,0,3
2483,4,0,4
2484,1,0,1
2486,2,0,2
2487,3,0,3
2488,8,0,8
2485,20,0,20
2507,0,0,0
2508,0,0,0
2518,0,0,0
2521,0,0,0
2534,0,0,0
2535,0,0,0
2537,0,0,0
2543,0,0,0
2556,0,0,0
2572,0,0,0
2573,0,0,0
2579,0,0,0
2583,0,0,0
2571,6,0,6
2568,11,2,13
2524,3,0,3
2548,1,0,1
2520,5,0,5
2564,5,0,5
2511,21,0,21
2522,5,0,5
2525,1,0,1
2575,3,0,3
2519,1,0,1
2528,4,0,4
2513,2,0,2
2549,3,0,3
2552,2,0,2
2533,2,0,2
2517,6,0,6
2523,9,0,9
2567,2,0,2
2542,1,0,1
2580,2,2,4
2526,1,0,1
2544,4,0,4
2559,5,0,5
2529,1,0,1
2527,9,0,9
2530,1,0,1
2558,5,0,5
2557,3,1,4
2553,5,0,5
2576,3,0,3
2577,3,0,3
2536,11,0,11
2560,1,0,1
2538,11,0,11
2561,1,0,1
2540,2,0,2
2539,7,0,7
2581,4,0,4
2566,2,0,2
2541,2,0,2
2569,3,0,3
2545,2,0,2
2582,3,2,5
2546,4,1,5
2550,62,1,63
2531,9,1,10
2574,1,0,1
2554,15,0,15
2551,2,0,2
2547,23,0,23
2562,6,0,6
2563,3,0,3
2570,1,0,1
2588,0,0,0
2592,0,0,0
2605,0,0,0
2607,0,0,0
2619,0,0,0
2645,0,0,0
2613,1,0,1
2584,4,0,4
2648,1,0,1
2601,8,0,8
2636,3,0,3
2586,6,0,6
2621,6,0,6
2594,1,1,1
2640,1,0,1
2600,16,0,16
2625,2,0,2
2633,5,0,5
2628,18,0,18
2609,8,0,8
2646,2,0,2
2591,4,0,4
2590,5,0,5
2589,1,0,1
2620,32,1,33
2654,3,0,3
2637,5,0,5
2595,20,0,20
2596,9,0,9
2622,1,0,1
2623,2,0,2
2660,14,0,14
2597,4,0,4
2659,9,0,9
2643,6,1,7
2602,2,0,2
2604,5,0,5
2606,1,0,1
2629,1,0,1
2650,5,1,6
2610,1,0,2
2630,1,0,1
2631,11,0,11
2611,6,0,6
2614,20,0,20
2632,2,0,2
2655,3,0,3
2652,3,0,3
2599,1,14,15
2624,1,0,1
2653,3,0,3
2626,1,0,1
2627,1,0,1
2615,16,1,17
2616,3,1,4
2635,3,0,3
2656,3,1,4
2649,1,0,1
2617,4,1,5
2638,5,0,5
2658,4,0,4
2642,9,15,24
2641,3,0,3
2647,18,1,19
2651,2,1,3
2657,21,0,21
2644,1,0,1
2670,0,0,0
2689,0,0,0
2690,0,0,0
2695,0,0,0
2699,0,0,0
2700,0,0,0
2705,0,0,0
2706,0,0,0
2714,0,0,0
2717,0,0,0
2727,0,0,0
2731,0,0,0
2734,0,0,0
2736,0,0,0
2685,1,0,1
2667,9,0,9
2669,3,0,3
2671,14,24,38
2732,4,0,4
2709,18,0,18
2730,41,0,41
2665,2,1,3
2674,1,0,1
2693,1,0,1
2676,93,0,93
2735,1,21,22
2697,1,0,1
2662,10,0,10
2698,35,0,35
2723,1,0,1
2666,5,0,5
2668,3,0,3
2686,1,0,1
2728,14,0,14
2710,2,0,2
2673,8,0,8
2712,1,0,1
2708,1,0,1
2672,2,1,3
2719,2,0,2
2724,5,0,5
2725,1,0,1
2682,12,0,12
2683,29,0,29
2687,3,0,3
2688,4,0,4
2691,4,0,4
2692,2,0,2
2675,4,1,5
2713,6,0,6
2694,4,24,28
2716,9,0,9
2679,12,1,13
2696,2,0,2
2726,20,0,20
2701,3,0,3
2729,16,0,16
2733,1,0,1
2702,29,0,29
2704,10,0,10
2680,3,23,26
2703,10,0,10
2707,39,0,39
2737,11,0,11
2718,6,0,6
2720,29,0,29
2721,5,0,5
2722,4,0,4
2755,0,0,0
2756,0,0,0
2785,0,0,0
2787,0,0,0
2791,0,0,0
2804,0,0,0
2807,0,0,0
2760,6,0,6
2741,12,2,14
2769,1,0,1
2768,3,0,3
2748,2,0,2
2747,10,0,10
2788,4,0,4
2797,4,1,5
2774,3,0,3
2815,4,0,4
2809,21,0,21
2778,1,0,1
2757,2,0,2
2799,2,0,2
2742,2,0,2
2758,2,0,2
2743,3,0,3
2764,13,0,13
2744,22,0,22
2745,5,0,5
2770,1,0,1
2746,2,0,2
2786,2,0,2
2749,2,0,2
2773,3,0,3
2751,5,14,19
2772,4,0,4
2789,4,0,4
2750,8,0,8
2752,3,0,3
2777,34,1,35
2753,2,0,2
2794,3,0,3
2754,4,0,4
2803,3,0,3
2782,5,0,5
2813,8,1,9
2800,3,0,3
2765,2,0,2
2767,4,0,4
2766,3,0,3
2814,4,0,4
2776,2,0,2
2779,1,0,1
2781,2,0,2
2783,1,0,1
2798,16,0,16
2784,1,0,1
2810,2,0,2
2805,1,0,1
2806,1,0,1
2771,1,1,2
2775,0,12,12
2808,4,0,4
2811,3,0,3
2790,4,0,4
2792,14,0,14
2801,8,2,10
2780,13,1,14
2802,3,1,4
2795,10,0,10
2793,11,1,12
2796,6,0,6
2812,8,0,8
2818,0,0,0
2830,0,0,0
2837,0,0,0
2838,0,0,0
2839,0,0,0
2849,0,0,0
2855,0,0,0
2859,0,0,0
2861,0,0,0
2880,0,0,0
2823,5,0,5
2824,6,0,6
2841,4,0,4
2847,2,0,2
2827,9,0,9
2843,6,0,6
2831,5,0,5
2833,2,0,2
2834,1,0,1
2860,2,0,2
2884,1,0,1
2888,13,0,13
2836,4,0,4
2883,3,0,3
2819,4,0,4
2822,8,0,8
2826,8,0,8
2828,1,0,1
2829,3,0,3
2832,5,0,5
2890,1,0,1
2866,22,1,23
2868,7,0,7
2854,3,0,3
2840,2,0,2
2853,3,0,3
2864,5,0,5
2873,3,0,3
2842,6,0,6
2887,2,0,2
2891,18,0,18
2871,5,0,5
2869,3,0,3
2870,5,0,5
2844,6,0,6
2872,3,0,3
2876,2,0,2
2881,5,23,28
2892,2,0,2
2874,3,0,3
2893,17,0,17
2850,8,1,9
2879,2,0,2
2877,3,0,3
2852,3,0,3
2865,22,1,23
2845,9,0,9
2867,22,1,23
2889,9,0,9
2857,5,0,5
2856,1,0,1
2858,3,0,3
2878,5,1,6
2851,1,0,1
2863,3,0,3
2875,3,0,3
2882,1,0,1
2862,0,11,11
2908,0,0,0
2909,0,0,0
2910,0,0,0
2928,0,0,0
2939,0,0,0
2952,0,0,0
2959,0,0,0
2969,0,0,0
2923,10,0,10
2925,4,0,4
2951,1,0,1
2903,9,0,9
2944,13,0,13
2946,2,0,2
2966,3,1,4
2906,5,0,5
2935,4,0,4
2911,14,0,14
2965,0,1,1
2914,3,0,3
2912,10,0,10
2962,2,0,2
2915,4,0,4
2897,6,0,6
2919,6,0,6
2920,8,0,8
2900,13,1,14
2899,6,0,6
2926,1,0,1
2924,11,0,11
2942,10,0,10
2929,7,0,7
2901,11,0,11
2905,5,0,5
2947,3,0,3
2936,3,0,3
2907,1,0,1
2961,2,0,2
2953,2,0,2
2913,10,0,10
2938,4,0,4
2916,8,0,8
2917,8,0,8
2930,17,0,17
2932,5,0,5
2918,16,1,17
2945,2,0,2
2931,17,0,17
2970,6,23,29
2934,7,0,7
2937,2,0,2
2963,1,0,1
2956,2,0,2
2957,1,0,1
2960,20,0,20
2958,19,0,19
2950,51,0,51
2941,11,0,11
2940,8,0,8
2964,1,0,1
2943,6,0,6
2933,1,14,15
2968,1,0,1
2967,2,0,2
2948,1,0,1
2949,2,0,2
2955,3,0,3
2954,4,0,4
2975,0,0,0
2985,0,0,0
2989,0,0,0
2990,0,0,0
2991,0,0,0
2992,0,0,0
2993,0,0,0
3011,0,0,0
3012,0,0,0
3014,0,0,0
3015,0,0,0
3016,0,0,0
3019,0,0,0
3027,0,0,0
3028,0,0,0
3037,0,0,0
3038,0,0,0
3047,0,0,0
2998,3,0,3
2981,3,0,3
2997,3,0,3
3018,17,0,17
2983,2,0,2
2986,3,0,3
3045,3,0,3
2988,3,0,3
3021,2,0,2
2999,1,0,1
3003,10,0,10
2979,5,0,5
2978,7,0,7
2980,7,0,7
2996,6,0,6
2984,6,0,6
3025,3,0,3
3004,6,0,6
3005,10,0,10
3010,15,0,15
3007,1,0,1
2987,3,0,3
3008,5,0,5
3009,3,0,3
3023,10,1,11
3039,3,1,4
3040,8,0,8
3029,6,31,37
2977,76,1,75
3031,9,0,18
3017,13,0,13
2982,7,5,12
3022,17,0,17
3001,2,0,2
3002,6,0,6
3034,33,2,36
3030,8,0,28
3036,7,1,8
3006,4,0,4
3046,4,0,4
3035,7,1,8
2994,5,2,7
3000,14,2,16
3044,1,0,1
3043,5,0,5
3020,3,0,3
3048,2,0,2
3026,2,0,2
3024,11,0,11
3033,4,0,4
3032,7,0,23
3041,17,0,17
3059,0,0,0
3062,0,0,0
3066,0,0,0
3068,0,0,0
3071,0,0,0
3072,0,0,0
3073,0,0,0
3074,0,0,0
3083,0,0,0
3091,0,0,0
3092,0,0,0
3093,0,0,0
3094,0,0,0
3100,0,0,0
3107,0,0,0
3114,0,0,0
3115,0,0,0
3116,0,0,0
3119,0,0,0
3120,0,0,0
3124,0,0,0
3053,2,0,2
3102,1,0,1
3080,2,0,2
3067,0,7,7
3082,1,0,1
3086,5,0,5
3064,6,0,6
3084,2,0,2
3065,4,0,4
3108,2,0,2
3125,10,0,10
3111,9,0,9
3075,8,0,8
3076,5,0,5
3051,8,0,8
3054,4,0,4
3055,12,0,12
3058,3,0,3
3063,2,0,2
3096,8,0,8
3060,11,0,11
3113,14,0,14
3088,2,0,2
3057,2,0,2
3112,2,0,2
3069,2,0,2
3070,1,0,1
3101,2,0,2
3121,9,0,9
3078,36,0,36
3081,8,0,8
3103,30,0,27
3122,15,0,15
3089,2,0,2
3087,1,0,1
3117,1,0,1
3118,9,0,9
3090,4,0,4
3123,1,0,1
3085,13,0,13
3095,3,0,3
3098,2,0,2
3099,1,0,1
3097,1,0,1
3105,2,0,2
3106,6,0,6
3104,2,0,2
3140,0,0,0
3141,0,0,0
3144,0,0,0
3145,0,0,0
3148,0,0,0
3149,0,0,0
3151,0,0,0
3162,0,0,0
3165,0,0,0
3176,0,0,0
3178,0,0,0
3180,0,0,0
3182,0,0,0
3183,0,0,0
3184,0,0,0
3191,0,0,0
3197,0,0,0
3154,22,0,22
3133,2,0,2
3135,5,0,5
3194,3,0,3
3137,3,0,3
3139,1,0,1
3163,10,0,10
3142,3,0,3
3138,6,0,6
3157,2,0,2
3179,1,0,1
3187,3,0,3
3181,3,0,3
3129,1,0,1
3131,4,0,4
3132,7,0,7
3134,9,0,9
3171,3,0,3
3161,4,0,4
3156,1,0,1
3143,3,0,3
3164,4,0,4
3185,1,0,1
3168,3,0,3
3186,1,0,1
3202,7,0,7
3147,4,0,4
3146,7,0,7
3172,1,0,1
3193,3,0,3
3201,8,0,8
3150,2,0,2
3196,11,0,11
3153,1,0,1
3177,7,0,7
3158,4,0,4
3166,4,0,4
3189,3,0,3
3169,29,0,29
3155,7,0,7
3195,3,0,3
3199,3,0,3
3200,3,0,3
3203,8,0,8
3173,9,0,9
3174,11,0,11
3175,2,0,2
3170,2,0,2
3167,0,5,5
3188,17,0,17
3190,1,0,1
3205,0,0,0
3218,0,0,0
3247,0,0,0
3253,0,0,0
3255,0,0,0
3257,0,0,0
3263,0,0,0
3264,0,0,0
3265,0,0,0
3280,0,0,0
3254,21,1,22
3270,12,0,12
3217,5,1,6
3215,4,0,4
3230,7,0,7
3214,6,0,6
3232,12,0,12
3244,5,0,5
3222,4,0,4
3223,1,0,1
3221,10,0,10
3227,13,0,13
3229,9,0,9
3271,1,0,1
3231,4,0,4
3234,9,0,9
3233,1,0,1
3207,2,0,2
3209,4,0,4
3235,3,0,3
3212,13,0,13
3237,4,0,4
3238,6,0,6
3216,4,0,4
3239,5,0,5
3219,1,0,1
3279,5,0,5
3281,2,0,2
3259,5,0,5
3262,5,0,5
3266,1,0,1
3269,12,0,12
3226,1,0,1
3228,9,0,9
3225,1,0,1
3224,2,0,2
3236,2,0,2
3274,3,0,3
3241,4,2,6
3240,2,0,2
3243,1,0,1
3242,4,2,6
3246,7,0,7
3267,1,0,1
3248,17,0,17
3272,4,0,4
3249,11,0,11
3251,42,0,42
3275,9,0,9
3252,22,0,22
3276,5,0,5
3256,6,0,6
3277,7,0,7
3278,3,0,3
3273,3,0,3
3261,18,0,18
3258,1,0,1
3260,11,0,11
3268,12,0,12
3283,0,0,0
3285,0,0,0
3290,0,0,0
3305,0,0,0
3311,0,0,0
3314,0,0,0
3315,0,0,0
3325,0,0,0
3326,0,0,0
3330,0,0,0
3345,0,0,0
3350,0,0,0
3351,0,0,0
3355,0,0,0
3289,3,0,3
3327,12,0,12
3292,1,0,1
3294,4,0,4
3312,10,0,10
3356,1,0,1
3353,1,0,1
3317,1,0,1
3298,2,0,2
3344,1,0,1
3343,1,0,1
3304,13,0,13
3337,79,0,79
3306,1,0,1
3287,1,0,1
3286,4,0,4
3291,1,0,1
3310,14,0,14
3329,1,0,1
3333,1,0,1
3293,9,0,9
3295,6,0,6
3296,6,0,6
3338,4,0,4
3299,10,0,10
3300,6,0,6
3301,1,0,1
3323,2,0,2
3352,5,0,5
3308,2,0,2
3307,8,0,8
3354,19,0,19
3309,5,0,5
3313,28,0,28
3357,7,0,7
3336,1,0,1
3316,2,0,2
3297,2,10,12
3339,5,0,5
3318,1,0,1
3319,3,0,3
3320,4,0,4
3321,5,0,5
3346,52,0,52
3340,3,0,3
3349,15,0,15
3328,7,0,7
3348,9,0,9
3358,9,0,9
3342,15,1,16
3332,1,0,1
3331,1,0,1
3334,1,0,1
3335,7,0,7
3341,31,0,31
3347,3,0,3
3360,0,0,0
3367,0,0,0
3368,0,0,0
3379,0,0,0
3380,0,0,0
3381,0,0,0
3383,0,0,0
3384,0,0,0
3394,0,0,0
3405,0,0,0
3411,0,0,0
3412,0,0,0
3426,0,0,0
3419,2,0,2
3425,3,0,3
3366,3,0,3
3430,3,0,3
3391,16,0,16
3388,4,0,4
3374,1,0,1
3393,1,0,1
3435,12,0,12
3378,4,0,3
3361,18,0,18
3398,4,0,4
3420,10,0,10
3363,7,0,7
3365,13,0,13
3369,1,0,1
3370,6,0,6
3392,1,0,1
3402,2,0,2
3375,4,0,4
3395,1,0,1
3376,5,0,5
3401,1,0,1
3399,1,0,1
3403,1,0,1
3404,1,0,1
3382,42,0,42
3424,2,0,2
3427,13,0,13
3413,8,0,8
3385,1,0,1
3429,3,0,3
3409,4,0,4
3406,1,0,1
3414,3,0,3
3390,2,0,2
3417,6,0,6
3418,10,0,10
3422,15,0,15
3397,6,0,6
3396,5,0,5
3423,2,1,3
3400,1,0,1
3421,3,0,3
3387,5,1,6
3407,3,0,3
3408,2,0,2
3432,2,0,2
3410,3,0,3
3431,4,0,4
3433,9,0,9
3434,1,0,1
3428,3,0,3
3415,4,0,4
3377,30,0,23
3416,4,0,4
3512,1,0,1
3451,0,0,0
3469,0,0,0
3493,0,0,0
3440,3,0,3
3441,5,0,5
3443,21,0,21
3478,2,2,4
3467,5,0,5
3446,21,0,21
3450,14,0,14
3503,3,0,3
3455,16,0,16
3453,11,0,11
3456,8,0,8
3474,3,0,3
3471,11,0,11
3457,13,0,13
3494,6,0,6
3496,2,0,2
3495,5,0,5
3438,2,0,2
3486,3,0,3
3459,1,0,1
3499,0,14,14
3466,3,0,3
3468,1,0,1
3445,21,0,21
3447,19,0,19
3448,18,0,18
3487,6,0,6
3498,0,13,13
3452,31,0,31
3454,14,0,14
3482,9,0,9
3458,4,0,4
3475,1,0,1
3444,21,0,21
3488,2,0,2
3504,4,0,4
3462,4,0,4
3463,23,0,23
3464,21,0,21
3465,2,0,2
3500,0,14,14
3470,1,0,1
3472,1,0,1
3473,8,0,8
3502,7,0,7
3476,1,0,1
3505,5,0,5
3507,3,0,3
3477,22,0,22
3509,11,0,11
3480,4,0,4
3501,0,13,13
3497,0,12,12
3481,12,0,12
3483,9,0,9
3511,11,0,11
3479,1,0,1
3510,4,0,4
3484,40,0,40
3489,2,0,2
3490,5,0,5
3492,2,0,2
3491,2,0,2
3513,0,0,0
3517,0,0,0
3520,0,0,0
3521,0,0,0
3522,0,0,0
3524,0,0,0
3525,0,0,0
3545,0,0,0
3570,0,0,0
3571,0,0,0
3572,0,0,0
3586,0,0,0
3589,0,0,0
3535,7,0,7
3536,10,0,10
3526,3,0,3
3528,2,0,2
3529,5,0,5
3549,2,0,2
3530,1,0,1
3554,6,0,6
3555,9,0,9
3516,2,0,2
3518,1,0,1
3579,1,0,1
3564,3,0,3
3538,5,0,5
3523,31,0,31
3581,12,0,12
3557,6,0,6
3519,2,0,2
3527,2,0,2
3585,1,0,1
3552,5,0,5
3575,1,0,1
3553,5,0,5
3533,1,0,1
3537,10,1,11
3556,6,0,6
3576,2,0,2
3534,3,0,3
3559,6,0,6
3558,7,0,7
3561,8,0,8
3562,2,0,2
3580,10,0,10
3584,6,0,6
3566,4,0,4
3543,2,0,2
3544,11,0,11
3583,1,0,1
3587,2,0,2
3590,1,0,1
3547,3,0,3
3550,5,0,5
3548,9,0,9
3546,8,0,8
3551,5,0,5
3563,8,0,8
3565,3,0,3
3582,1,0,1
3588,3,1,4
3568,4,0,4
3569,5,0,5
3573,4,0,4
3574,3,0,3
3577,15,0,15
3578,1,0,1
3567,3,2,5
3598,0,0,0
3600,0,0,0
3601,0,0,0
3602,0,0,0
3611,0,0,0
3614,0,0,0
3615,0,0,0
3616,0,0,0
3623,0,0,0
3626,0,0,0
3639,0,0,0
3640,0,0,0
3641,0,0,0
3662,0,0,0
3592,1,0,1
3596,3,0,3
3630,3,0,3
3644,1,0,1
3604,1,0,1
3606,3,0,3
3629,4,0,4
3650,5,0,5
3610,1,0,1
3651,1,0,1
3619,6,0,6
3609,1,0,1
3594,4,0,4
3621,7,0,7
3653,2,0,2
3657,5,0,5
3661,1,0,1
3595,4,0,4
3625,4,0,4
3599,3,0,3
3597,2,0,2
3607,1,0,1
3603,2,0,2
3608,1,0,1
3617,1,0,1
3638,5,0,5
3666,4,0,4
3613,6,0,6
3636,8,0,8
3622,7,0,7
3624,1,0,1
3648,1,0,1
3645,5,0,5
3627,1,0,1
3634,4,0,4
3646,4,0,4
3654,2,0,2
3652,1,0,1
3658,4,0,4
3656,5,0,5
3631,1,0,1
3664,1,0,1
3632,1,0,1
3663,11,0,11
3655,4,0,4
3633,7,13,20
3659,7,1,8
3667,2,0,2
3643,1,0,1
3665,2,0,2
3647,1,0,1
3649,4,0,4
3697,6,0,5
3672,0,0,0
3691,0,0,0
3705,0,0,0
3706,0,0,0
3712,0,0,0
3716,0,0,0
3718,0,0,0
3741,0,0,0
3713,11,0,11
3687,20,0,20
3675,12,0,12
3709,1,0,1
3676,1,0,1
3699,2,0,2
3702,5,0,5
3688,2,0,2
3685,4,0,4
3673,12,0,12
3708,1,0,1
3689,4,0,4
3674,12,0,12
3715,2,0,2
3690,5,0,5
3694,1,2,3
3677,8,0,8
3693,5,0,5
3678,6,0,6
3700,3,0,3
3679,4,0,4
3738,4,0,4
3704,10,0,10
3707,3,0,3
3703,36,0,36
3723,6,0,6
3726,3,0,3
3680,6,0,6
3724,1,0,1
3681,2,0,2
3692,1,0,1
3682,4,0,4
3683,3,0,3
3742,4,0,4
3686,1,0,1
3730,17,0,17
3736,2,0,2
3696,9,0,9
3701,2,0,2
3698,5,0,5
3725,6,0,6
3728,2,0,2
3744,2,0,2
3711,3,0,3
3714,14,0,14
3720,19,1,20
3717,2,0,2
3731,6,0,6
3734,8,0,8
3722,3,0,3
3740,7,0,7
3721,2,0,2
3739,4,0,4
3735,2,0,2
3737,7,0,7
3732,6,1,7
3733,6,1,7
3727,6,0,6
3729,2,0,2
3743,5,0,5
3752,0,0,0
3762,0,0,0
3767,0,0,0
3769,0,0,0
3777,0,0,0
3780,0,0,0
3782,0,0,0
3785,0,0,0
3787,0,0,0
3788,0,0,0
3795,0,0,0
3797,0,0,0
3804,0,0,0
3805,0,0,0
3794,2,0,2
3753,1,0,1
3815,4,0,4
3757,4,0,4
3754,2,0,2
3761,2,0,2
3774,9,0,9
3760,3,0,3
3775,4,0,4
3766,3,0,3
3765,7,0,7
3813,2,0,2
3764,2,0,2
3784,4,0,4
3770,6,0,6
3748,5,0,5
3755,1,0,1
3758,4,0,4
3749,5,0,5
3773,3,0,3
3759,2,0,2
3763,4,0,4
3776,1,0,1
3768,2,0,2
3771,3,0,3
3772,6,0,6
3817,6,0,6
3793,4,0,4
3821,2,0,2
3799,5,0,5
3789,6,0,6
3798,1,0,1
3801,7,0,7
3808,12,0,12
3779,5,0,5
3778,4,0,4
3810,7,0,7
3807,9,0,9
3781,4,0,4
3812,4,0,4
3783,4,0,4
3792,4,0,4
3816,1,0,1
3814,2,0,2
3819,8,0,8
3803,5,0,5
3818,1,0,1
3811,2,0,2
3796,4,0,4
3806,10,0,10
3820,4,0,4
3839,0,0,0
3857,0,0,0
3865,0,0,0
3869,3,0,3
3826,4,0,4
3870,22,0,22
3849,2,0,2
3852,7,0,7
3881,11,0,11
3854,4,0,4
3835,6,0,6
3837,4,0,4
3866,1,0,1
3859,10,0,10
3838,20,0,20
3841,6,0,6
3825,9,0,9
3887,1,0,1
3847,13,0,13
3827,5,0,5
3867,1,0,1
3850,21,0,21
3868,4,0,4
3829,14,0,14
3828,10,0,10
3893,7,0,7
3831,8,0,8
3843,1,0,1
3832,6,0,6
3863,1,0,1
3878,5,0,5
3882,5,0,5
3862,4,0,4
3851,5,0,5
3891,2,0,2
3844,1,0,1
3842,5,1,6
3884,2,0,2
3845,1,0,1
3873,1,0,1
3871,1,0,1
3846,4,0,4
3848,13,0,13
3830,13,9,22
3875,7,0,7
3856,4,0,4
3897,29,0,29
3898,4,0,4
3860,3,0,3
3864,1,0,1
3858,23,1,24
3853,2,0,2
3879,17,0,17
3888,4,0,4
3889,1,0,1
3896,2,0,2
3890,1,0,1
3894,6,0,6
3872,3,0,3
3886,0,1,1
3895,16,0,16
3874,1,0,1
3877,16,0,16
3876,2,0,2
3880,4,0,4
3883,1,0,1
3885,3,0,3
3909,0,0,0
3905,1,0,1
3967,5,0,5
3930,1,0,1
3916,17,0,17
3915,17,0,17
3933,2,0,2
3918,14,0,14
3940,2,0,2
3953,7,0,7
3912,2,0,2
3942,3,0,3
3910,1,0,1
3921,8,0,8
3919,2,0,2
3934,3,1,4
3959,2,0,2
3911,9,0,9
3946,14,0,14
3902,4,0,4
3904,5,0,5
3926,1,0,1
3974,4,0,4
3914,1,0,1
3936,10,0,10
3913,4,0,4
3931,2,0,2
3917,17,0,17
3927,1,0,1
3954,4,0,4
3961,3,0,3
3920,7,0,7
3958,9,0,9
3922,4,0,4
3932,14,0,14
3900,2,6,8
3924,3,0,3
3964,1,0,1
3968,5,0,5
3962,3,0,3
3972,4,0,4
3949,4,0,4
3975,1,0,1
3973,3,0,3
3928,6,0,6
3935,5,0,5
3923,11,0,11
3957,3,0,3
3938,6,0,6
3965,3,0,3
3937,7,0,7
3966,3,0,3
3960,2,0,2
3944,1,0,1
3969,5,0,5
3970,3,0,3
3943,1,0,1
3939,2,0,2
3950,2,0,2
3945,5,0,5
3971,2,0,2
3951,3,0,3
3941,1,0,1
3952,7,0,7
3955,4,0,4
3956,3,0,3
3963,2,0,2
4020,9,0,7
3989,0,0,0
4007,11,0,11
4030,1,0,1
4013,8,0,8
3991,8,0,8
3985,9,0,9
4024,1,0,1
4046,4,0,4
4010,3,0,3
4038,4,0,4
3995,7,0,7
3986,2,0,2
3996,3,0,3
3994,6,0,6
3998,4,0,4
4021,2,0,2
4031,14,0,14
4042,10,0,10
3997,8,0,8
3978,1,0,1
4008,2,0,2
4028,1,0,1
4027,7,0,7
4050,2,0,2
3987,1,0,1
3990,8,0,8
3981,5,0,5
3988,1,0,1
3982,2,0,2
4012,1,0,1
3983,2,0,2
4023,9,0,9
4019,2,0,2
4036,2,0,2
4022,3,0,3
4002,5,0,5
4001,2,0,2
4039,1,0,1
4005,5,0,5
4004,3,0,3
4006,1,0,1
4003,3,0,3
4041,3,0,3
4014,2,0,2
4047,1,0,1
4015,2,0,2
4017,2,0,2
4033,7,0,7
4016,3,0,3
4018,7,0,7
4026,3,0,3
4025,19,0,19
4040,7,0,7
4043,2,0,2
4044,6,0,6
4048,3,0,3
4045,9,0,9
4049,1,0,1
4034,1,0,1
4051,7,0,7
4032,9,0,9
4029,1,0,1
4052,9,0,9
4035,2,0,2
4037,2,0,2
4088,0,0,0
4093,0,0,0
4098,0,0,0
4100,0,0,0
4101,0,0,0
4102,0,0,0
4103,0,0,0
4114,0,0,0
4115,0,0,0
4090,2,0,2
4060,9,0,9
4061,3,0,3
4062,2,0,2
4121,1,0,1
4084,1,0,1
4067,4,0,4
4066,1,0,1
4069,6,0,6
4129,4,0,4
4070,3,0,3
4071,3,0,3
4073,8,0,8
4075,2,0,2
4094,1,0,1
4080,2,0,2
4056,1,0,1
4128,1,0,1
4057,1,0,1
4058,1,0,1
4099,3,0,3
4059,4,0,4
4064,1,0,1
4085,2,0,2
4065,1,0,1
4113,6,0,6
4096,3,0,3
4063,3,0,3
4117,2,0,2
4072,3,0,3
4076,2,0,2
4078,2,0,2
4124,1,0,1
4079,1,0,1
4126,1,0,1
4081,1,0,1
4086,1,0,1
4087,4,0,4
4125,1,0,1
4110,10,0,10
4123,1,0,1
4112,1,0,1
4089,1,0,1
4116,3,0,3
4091,5,0,5
4111,3,0,3
4097,3,0,3
4119,1,0,1
4092,3,0,3
4095,2,0,2
4130,2,0,2
4127,2,0,2
4104,19,0,19
4105,7,0,7
4109,1,0,1
4108,2,0,2
4107,6,0,6
4118,1,0,1
4122,2,0,2
4120,1,0,1
4191,0,0,0
4194,0,0,0
4195,0,0,0
4196,0,0,0
4135,1,0,1
4163,1,0,1
4169,5,0,5
4203,1,0,1
4184,1,0,1
4206,2,0,2
4141,1,0,1
4175,2,0,2
4189,2,0,2
4150,1,0,1
4149,1,0,1
4172,1,0,1
4167,1,0,1
4133,1,0,1
4174,1,0,1
4173,1,0,1
4137,3,0,3
4138,2,0,2
4140,2,0,2
4159,9,0,9
4143,3,0,3
4166,8,0,8
4183,4,0,4
4192,1,0,1
4187,2,0,2
4147,5,0,5
4142,2,0,2
4202,1,0,1
4152,4,0,4
4171,1,0,1
4151,2,0,2
4199,1,0,1
4154,3,0,3
4161,3,0,3
4200,5,0,5
4155,3,0,3
4179,3,0,3
4201,1,0,1
4157,2,0,2
4162,9,0,9
4160,3,0,3
4185,2,0,2
4164,1,0,1
4165,3,0,3
4168,1,0,1
4158,4,0,4
4186,4,0,4
4207,5,0,5
4208,2,0,2
4188,1,0,1
4170,4,0,4
4193,1,0,1
4177,5,0,5
4180,5,0,5
4204,1,0,1
4181,28,0,28
4205,1,0,1
4182,2,0,2
4178,4,0,4
4190,1,0,1
4209,2,0,2
4197,1,0,1
4198,1,0,1
4211,0,0,0
4212,0,0,0
4213,0,0,0
4214,0,0,0
4216,0,0,0
4217,0,0,0
4218,0,0,0
4219,0,0,0
4220,0,0,0
4223,0,0,0
4259,0,0,0
4260,0,0,0
4261,0,0,0
4262,0,0,0
4263,0,0,0
4232,2,0,2
4272,2,0,2
4225,4,0,4
4215,0,1,1
4231,2,0,2
4226,1,0,1
4286,1,0,1
4234,2,0,2
4236,5,0,5
4287,2,0,2
4269,2,0,2
4242,1,0,1
4268,12,0,12
4241,2,0,2
4276,1,0,1
4246,8,0,8
4222,7,0,7
4247,3,0,3
4221,2,0,2
4230,5,0,5
4270,2,0,2
4248,2,0,2
4233,3,0,3
4252,2,0,2
4258,3,0,3
4237,3,0,3
4235,2,0,2
4245,8,0,8
4243,2,0,2
4229,7,0,7
4249,4,0,4
4253,2,0,2
4251,5,0,5
4250,5,0,5
4254,5,0,5
4256,4,0,4
4285,1,0,1
4284,1,0,1
4280,3,0,3
4313,0,0,0
4315,0,0,0
4326,0,0,0
4339,0,0,0
4340,0,0,0
4348,0,0,0
4356,0,0,0
4359,0,0,0
4360,0,0,0
4361,0,0,0
4362,0,0,0
4363,0,0,0
4294,4,0,4
4291,2,0,2
4316,3,0,3
4306,12,0,12
4293,3,0,3
4298,2,0,2
4318,6,0,6
4300,7,0,7
4344,4,0,4
4338,6,0,6
4358,1,0,1
4302,9,0,9
4307,8,0,8
4322,3,0,3
4309,4,0,4
4297,5,0,5
4349,3,0,3
4327,7,0,7
4290,3,0,3
4352,4,0,4
4296,3,0,3
4295,3,0,3
4299,3,0,3
4342,1,0,1
4301,4,0,4
4303,2,0,2
4305,2,0,2
4304,2,0,2
4312,2,0,2
4328,2,0,2
4353,3,0,3
4314,9,0,9
4355,3,0,3
4357,1,0,1
4333,17,0,17
4332,1,0,1
4341,3,0,3
4317,8,0,8
4337,1,0,1
4343,7,0,7
4319,1,0,1
4345,4,0,4
4321,1,0,1
4347,1,0,1
4350,2,0,2
4351,8,0,8
4323,5,0,5
4354,1,0,1
4325,1,0,1
4364,1,0,1
4330,2,0,2
4329,4,0,4
4331,3,0,3
4335,9,0,9
4336,5,0,5
4346,2,0,2
4376,0,0,0
4381,0,0,0
4383,0,0,0
4384,0,0,0
4386,0,0,0
4391,0,0,0
4392,0,0,0
4398,0,0,0
4402,0,0,0
4403,0,0,0
4404,0,0,0
4408,0,0,0
4409,0,0,0
4412,0,0,0
4415,0,0,0
4416,0,0,0
4421,0,0,0
4422,0,0,0
4423,0,0,0
4428,0,0,0
4429,0,0,0
4433,0,0,0
4434,0,0,0
4436,0,0,0
4437,0,0,0
4440,0,0,0
4427,5,0,5
4389,3,0,3
4371,4,0,4
4374,5,0,5
4401,2,0,2
4375,5,0,5
4379,4,0,4
4393,1,0,1
4397,3,0,3
4366,1,0,1
4411,8,0,8
4388,1,0,1
4390,3,0,3
4369,6,0,6
4395,3,0,3
4370,4,0,4
4394,1,0,1
4431,1,0,1
4372,4,0,4
4399,5,0,5
4439,1,0,1
4405,19,0,19
4396,1,0,1
4373,4,0,4
4418,2,0,2
4377,6,0,6
4424,3,0,3
4380,4,0,4
4382,12,0,12
4435,1,0,1
4385,4,0,4
4387,3,0,3
4400,2,0,2
4406,4,0,4
4419,2,0,2
4410,1,0,1
4432,4,0,4
4413,2,0,2
4438,1,0,1
4426,1,0,1
4425,6,0,6
4441,1,0,1
4414,1,0,1
4417,9,0,9
4420,2,0,2
4430,3,0,3
4450,0,0,0
4453,0,0,0
4456,0,0,0
4457,0,0,0
4458,0,0,0
4460,0,0,0
4462,0,0,0
4463,0,0,0
4466,0,0,0
4474,0,0,0
4475,0,0,0
4477,0,0,0
4478,0,0,0
4479,0,0,0
4480,0,0,0
4481,0,0,0
4483,0,0,0
4485,0,0,0
4487,0,0,0
4493,0,0,0
4494,0,0,0
4496,0,0,0
4499,0,0,0
4500,0,0,0
4504,0,0,0
4509,0,0,0
4510,0,0,0
4511,0,0,0
4512,0,0,0
4515,0,0,0
4451,3,0,3
4452,3,0,3
4455,12,0,8
4454,1,0,1
4495,1,0,1
4470,3,0,3
4448,1,0,1
4461,1,0,1
4501,2,0,2
4507,1,0,1
4445,1,0,1
4449,1,0,1
4513,4,0,4
4467,6,0,6
4444,4,0,4
4446,1,0,1
4502,3,0,3
4465,4,0,4
4489,1,0,1
4488,14,0,14
4469,5,0,5
4468,5,0,5
4514,3,0,3
4491,6,0,6
4472,3,1,4
4517,3,0,3
4498,4,0,4
4473,2,0,2
4476,1,0,1
4497,3,0,3
4508,2,0,2
4516,1,0,1
4482,1,0,1
4486,1,0,1
4484,4,0,4
4492,2,0,2
4490,1,0,1
4505,1,0,1
4506,1,0,1
4519,0,0,0
4526,0,0,0
4528,0,0,0
4529,0,0,0
4530,0,0,0
4532,0,0,0
4533,0,0,0
4534,0,0,0
4535,0,0,0
4536,0,0,0
4538,0,0,0
4540,0,0,0
4542,0,0,0
4543,0,0,0
4546,0,0,0
4552,0,0,0
4553,0,0,0
4554,0,0,0
4555,0,0,0
4556,0,0,0
4566,0,0,0
4567,0,0,0
4568,0,0,0
4571,0,0,0
4584,0,0,0
4585,0,0,0
4592,0,0,0
4545,2,0,2
4551,2,0,2
4560,3,0,3
4558,1,0,1
4557,1,0,1
4539,9,0,9
4570,1,0,1
4544,4,0,4
4521,1,0,1
4523,1,0,1
4549,1,0,1
4550,1,0,1
4527,1,0,1
4531,1,0,1
4524,3,0,3
4572,2,0,2
4579,3,0,3
4586,4,0,4
4537,2,0,2
4580,1,0,1
4541,3,0,3
4561,3,0,3
4548,4,0,4
4593,13,0,13
4559,5,0,5
4562,1,0,1
4594,2,0,2
4582,1,0,1
4581,1,0,1
4578,5,0,5
4564,3,0,3
4583,3,0,3
4590,4,0,4
4589,4,0,4
4565,3,0,3
4574,3,0,3
4588,4,0,4
4563,3,0,3
4569,2,0,2
4573,7,0,7
4587,1,0,1
4575,11,0,11
4576,2,0,2
4597,0,0,0
4601,0,0,0
4605,0,0,0
4626,0,0,0
4634,0,0,0
4638,0,0,0
4639,0,0,0
4640,0,0,0
4645,0,0,0
4648,0,0,0
4652,0,0,0
4659,0,0,0
4661,0,0,0
4670,0,0,0
4650,4,0,4
4627,8,0,8
4618,2,0,2
4607,1,0,1
4608,3,0,3
4622,1,0,1
4613,1,0,1
4663,3,0,3
4655,1,0,1
4632,11,0,11
4596,1,0,1
4671,4,0,4
4600,5,0,5
4603,1,0,1
4620,3,0,3
4598,5,0,5
4644,1,0,1
4606,2,0,2
4647,2,0,2
4649,1,0,1
4609,3,0,3
4610,3,0,3
4641,5,0,5
4643,1,1,2
4666,4,0,4
4612,3,0,3
4637,1,0,1
4624,7,0,7
4642,1,0,1
4614,2,0,2
4615,1,0,1
4617,2,0,2
4668,1,0,1
4619,3,0,3
4636,2,0,2
4621,4,0,4
4625,2,0,2
4651,2,0,2
4628,2,0,2
4669,1,0,1
4629,2,0,2
4672,2,0,2
4631,11,0,11
4633,4,0,4
4664,1,0,1
4646,1,0,1
4653,2,0,2
4657,1,0,1
4658,1,0,1
4660,3,0,3
4665,1,0,1
4667,4,0,4
4662,1,0,1
4680,0,0,0
4682,0,0,0
4683,0,0,0
4684,0,0,0
4693,0,0,0
4694,0,0,0
4704,0,0,0
4713,0,0,0
4714,0,0,0
4725,0,0,0
4733,0,0,0
4742,0,0,0
4743,0,0,0
4744,0,0,0
4745,0,0,0
4746,4,0,4
4706,2,0,2
4708,2,0,2
4710,3,0,3
4747,25,0,25
4739,1,0,1
4690,3,0,3
4695,6,0,6
4698,2,0,2
4699,8,0,8
4697,5,0,5
4703,1,0,1
4701,1,0,1
4691,3,0,3
4702,22,0,22
4675,2,0,2
4685,9,3,12
4678,1,0,1
4748,7,0,7
4709,1,0,1
4681,4,0,4
4696,6,0,6
4686,2,0,2
4722,1,0,1
4723,1,0,1
4679,9,0,9
4689,3,0,3
4687,3,0,3
4707,2,0,2
4692,4,0,4
4711,2,0,2
4749,1,0,1
4726,1,0,1
4712,2,0,2
4727,13,0,13
4731,5,0,5
4732,5,0,5
4730,4,0,4
4736,7,0,7
4735,7,0,7
4740,1,0,1
4737,4,0,4
4715,4,0,4
4738,2,0,2
4717,2,0,2
4741,4,0,4
4729,5,1,6
4718,4,0,4
4719,1,0,1
4721,10,0,10
4720,7,0,7
4716,5,0,5
4734,29,0,29
4728,21,0,21
4755,0,0,0
4765,0,0,0
4767,0,0,0
4772,0,0,0
4773,0,0,0
4774,0,0,0
4775,0,0,0
4776,0,0,0
4779,0,0,0
4781,0,0,0
4782,0,0,0
4791,0,0,0
4792,0,0,0
4798,0,0,0
4809,0,0,0
4810,0,0,0
4815,0,0,0
4794,5,0,5
4758,17,0,17
4759,25,0,25
4771,8,0,8
4753,4,0,4
4790,25,0,25
4778,8,0,8
4805,2,0,2
4764,1,0,1
4785,1,0,1
4823,1,0,1
4756,13,0,13
4793,14,0,14
4754,2,0,2
4760,26,0,26
4762,10,0,10
4763,2,0,2
4821,15,0,15
4787,4,0,4
4766,4,0,4
4789,6,0,6
4811,15,1,16
4795,1,0,1
4768,9,0,9
4813,8,0,8
4796,3,0,3
4770,15,0,15
4797,1,0,1
4820,2,0,2
4818,3,0,3
4761,8,5,13
4802,1,0,1
4816,17,0,17
4777,1,0,1
4822,5,0,5
4824,1,0,1
4780,2,0,2
4786,0,1,1
4783,1,0,1
4807,2,0,2
4808,2,0,2
4812,13,0,13
4814,1,0,1
4817,2,0,2
4803,18,1,19
4788,6,0,6
4819,3,0,3
4801,1,0,1
4804,4,0,4
4800,0,7,7
4828,0,0,0
4829,0,0,0
4830,0,0,0
4831,0,0,0
4836,0,0,0
4837,0,0,0
4839,0,0,0
4840,0,0,0
4843,0,0,0
4845,0,0,0
4846,0,0,0
4847,0,0,0
4849,0,0,0
4855,0,0,0
4856,0,0,0
4858,0,0,0
4859,0,0,0
4861,0,0,0
4864,0,0,0
4865,0,0,0
4866,0,0,0
4867,0,0,0
4883,0,0,0
4885,0,0,0
4886,0,0,0
4887,0,0,0
4889,0,0,0
4890,0,0,0
4896,0,0,0
4899,0,0,0
4832,5,0,5
4851,2,0,2
4835,15,0,15
4838,3,0,3
4875,4,0,4
4842,29,0,29
4868,2,0,2
4848,1,0,1
4827,5,0,5
4870,2,0,2
4897,1,0,1
4834,4,0,4
4900,3,0,3
4841,1,0,1
4844,1,0,1
4863,2,0,2
4850,1,0,1
4888,1,0,1
4860,0,1,1
4892,2,0,2
4857,12,0,12
4874,1,0,1
4893,2,0,2
4881,2,0,2
4873,2,0,2
4882,1,0,1
4884,2,0,2
4862,2,0,2
4876,1,0,1
4891,1,0,1
4869,2,0,2
4898,1,0,1
4871,8,0,8
4901,7,0,7
4877,4,0,4
4879,2,0,2
4880,3,0,3
4872,7,1,8
4894,2,0,2
4895,3,0,3
4902,0,0,0
4904,0,0,0
4906,0,0,0
4907,0,0,0
4908,0,0,0
4909,0,0,0
4912,0,0,0
4914,0,0,0
4915,0,0,0
4916,0,0,0
4917,0,0,0
4918,0,0,0
4919,0,0,0
4921,0,0,0
4922,0,0,0
4923,0,0,0
4924,0,0,0
4927,0,0,0
4928,0,0,0
4930,0,0,0
4931,0,0,0
4933,0,0,0
4936,0,0,0
4938,0,0,0
4939,0,0,0
4941,0,0,0
4942,0,0,0
4947,0,0,0
4949,0,0,0
4950,0,0,0
4956,0,0,0
4959,0,0,0
4961,0,0,0
4964,0,0,0
4965,0,0,0
4968,0,0,0
4969,0,0,0
4977,0,0,0
4978,0,0,0
4911,1,0,1
4974,2,0,2
4929,1,0,1
4925,4,0,4
4910,2,0,2
4951,1,0,1
4913,1,0,1
4940,3,0,3
4973,1,0,1
4953,1,0,1
4966,1,0,1
4944,3,0,3
4935,1,0,1
4926,1,0,1
4955,1,0,1
4932,2,0,2
4976,1,0,1
4958,2,0,2
4963,2,0,2
4952,1,0,1
4967,4,0,4
4970,5,0,5
4943,5,0,5
4972,1,0,1
4945,1,0,1
4948,1,0,1
4946,1,0,1
4971,1,0,1
4960,1,0,1
4975,4,0,4
4962,2,0,2
4954,1,0,1
4979,0,0,0
4981,0,0,0
4989,0,0,0
4990,0,0,0
4991,0,0,0
4992,0,0,0
4993,0,0,0
4994,0,0,0
4995,0,0,0
5000,0,0,0
5001,0,0,0
5006,0,0,0
5011,0,0,0
5012,0,0,0
5013,0,0,0
5014,0,0,0
5019,0,0,0
5020,0,0,0
5021,0,0,0
5024,0,0,0
5025,0,0,0
5026,0,0,0
5027,0,0,0
5028,0,0,0
5029,0,0,0
5030,0,0,0
5031,0,0,0
5032,0,0,0
5033,0,0,0
5034,0,0,0
5042,0,0,0
5043,0,0,0
5044,0,0,0
5046,0,0,0
5047,0,0,0
5048,0,0,0
5049,0,0,0
5050,0,0,0
5051,0,0,0
5052,0,0,0
5005,1,0,1
5008,1,0,1
5016,2,0,2
5018,6,0,6
4998,5,0,5
5002,4,0,4
5004,1,0,1
5003,1,0,1
5023,1,0,1
4982,1,0,1
5007,3,0,3
4984,1,0,1
5010,1,0,1
4985,1,0,1
4987,2,0,2
5017,9,0,9
5037,1,0,1
4996,1,0,1
5038,1,0,1
4988,2,0,2
4997,3,0,3
5039,1,0,1
5015,2,0,2
5041,1,0,1
5045,1,0,1
5053,2,0,2
5040,1,0,1
5022,1,0,1
5035,2,0,2
5036,6,0,6
5054,0,0,0
5055,0,0,0
5056,0,0,0
5057,0,0,0
5058,0,0,0
5059,0,0,0
5073,1,0,0
5061,0,0,0
5063,0,0,0
5065,0,0,0
5068,0,0,0
5071,0,0,0
5072,0,0,0
5074,0,0,0
5075,0,0,0
5076,0,0,0
5078,0,0,0
5079,0,0,0
5081,0,0,0
5082,0,0,0
5083,0,0,0
5084,0,0,0
5085,0,0,0
5087,0,0,0
5088,0,0,0
5089,0,0,0
5090,0,0,0
5091,0,0,0
5094,0,0,0
5095,0,0,0
5096,0,0,0
5097,0,0,0
5098,0,0,0
5099,0,0,0
5103,0,0,0
5106,0,0,0
5107,0,0,0
5108,0,0,0
5109,0,0,0
5110,0,0,0
5111,0,0,0
5112,0,0,0
5113,0,0,0
5114,0,0,0
5115,0,0,0
5116,0,0,0
5117,0,0,0
5118,0,0,0
5119,0,0,0
5120,0,0,0
5124,0,0,0
5125,0,0,0
5126,0,0,0
5127,0,0,0
5128,0,0,0
5129,0,0,0
5130,0,0,0
5066,1,0,1
5062,8,0,8
5064,19,0,14
5123,1,0,1
5101,3,0,3
5093,2,0,2
5100,3,0,3
5077,4,0,4
5080,1,0,1
5086,1,0,1
5092,2,0,2
5105,3,0,3
5122,2,1,3
5102,3,0,3
5121,12,0,12
5132,0,0,0
5134,0,0,0
5135,0,0,0
5139,0,0,0
5140,0,0,0
5141,0,0,0
5142,0,0,0
5143,0,0,0
5144,0,0,0
5145,0,0,0
5146,0,0,0
5148,0,0,0
5151,0,0,0
5152,0,0,0
5153,0,0,0
5154,0,0,0
5155,0,0,0
5156,0,0,0
5157,0,0,0
5158,0,0,0
5159,0,0,0
5160,0,0,0
5162,0,0,0
5170,0,0,0
5172,0,0,0
5173,0,0,0
5174,0,0,0
5176,0,0,0
5177,0,0,0
5179,0,0,0
5180,0,0,0
5181,0,0,0
5182,0,0,0
5183,0,0,0
5189,0,0,0
5190,0,0,0
3,35,0,35
6,11,0,11
4,260,2,262
53,34,0,34
55,30,0,30
101,4,0,4
54,370,1,371
68,281,4,285
88,5,0,5
80,206,1,207
5161,6,0,6
5131,1,0,1
5133,1,0,1
5147,2,0,2
5149,1,0,1
5187,2,0,2
5136,1,0,1
5191,1,0,1
5169,3,0,3
5195,1,0,1
5188,3,0,3
5150,1,0,1
5185,3,0,3
5138,2,1,3
5186,1,0,1
5164,3,0,3
5192,1,0,1
5193,1,0,1
5171,1,0,1
5175,2,0,2
5166,1,0,1
5178,2,0,2
5184,1,0,1
5194,2,0,2
92,47,1,48
169,69,1,70
181,534,3,534
201,2,0,2
238,126,1,127
258,35,0,35
315,18,0,18
364,15,0,15
349,43,1,44
477,62,1,63
86,4,0,4
115,2,0,2
127,6,0,6
118,49,2,51
157,26,0,26
158,58,0,58
166,94,0,94
170,2,0,2
172,14,1,16
186,535,4,539
237,12,0,12
236,6,0,6
241,15,0,15
256,122,5,127
262,286,2,288
319,47,0,47
354,28,1,29
375,1,0,1
396,9,0,9
399,16,0,16
395,18,0,18
400,72,0,72
424,11,0,11
473,12,1,13
159,108,0,105
243,3,3,6
316,34,0,34
407,1,0,1
257,10,0,10
261,328,11,339
317,13,0,13
321,27,0,27
326,14,1,15
334,40,16,56
394,2,0,2
421,8,0,8
472,19,0,19
720,18,0,18
478,4,0,4
476,123,3,126
475,68,1,69
494,25,0,25
510,2,0,2
523,26,0,26
554,3,0,3
550,26,0,26
552,6,0,6
717,2,0,2
555,17,0,17
525,154,1,155
551,50,1,51
584,36,0,36
709,55,1,56
598,43,1,44
628,7,0,7
632,6,0,6
637,8,0,8
645,4,0,4
646,3,0,3
655,15,0,15
656,15,0,15
662,8,0,8
673,5,0,5
679,69,0,69
706,3,0,3
862,15,0,15
728,10,0,10
732,2,0,2
738,2,0,2
763,9,0,9
764,4,0,4
778,34,0,34
784,3,0,3
941,17,0,17
790,2,0,2
796,6,0,6
786,40,1,41
797,2,0,2
811,38,0,38
817,13,0,13
828,5,0,5
843,3,0,3
864,3,0,3
866,18,0,18
865,2,0,2
875,2,0,2
874,3,0,3
863,43,1,44
888,3,0,3
881,28,2,30
918,8,0,8
916,105,2,107
945,3,0,4
954,5,0,5
962,1,0,1
963,3,0,3
971,2,0,2
942,20,2,22
1046,1,0,1
1024,18,0,18
1022,4,0,4
1018,4,0,4
1019,6,1,7
1063,13,0,13
1056,17,0,17
1100,5,0,5
1045,4,0,4
1073,4,0,4
1096,1,0,1
1098,1,0,1
1099,3,0,3
1104,4,0,4
1106,2,0,2
1158,1,0,1
1166,1,0,1
1179,3,0,3
1173,1,0,1
1175,2,0,2
1148,35,0,35
1178,27,0,27
1181,2,0,2
1188,15,1,16
1196,3,0,3
1212,5,0,5
1219,3,0,3
1215,46,0,46
1406,5,0,5
1255,5,0,5
1254,2,0,2
1257,7,0,7
1273,1,0,1
1274,1,0,1
1253,11,1,12
1323,2,0,2
1328,35,0,35
1330,8,0,8
1331,17,0,17
1332,2,0,2
1333,1,0,1
1337,24,0,24
1381,66,0,66
1382,1,0,1
1383,2,0,2
1408,2,0,2
1407,3,0,3
1413,9,0,9
1418,34,0,34
1411,27,1,28
1426,8,0,8
1434,17,0,17
1484,38,0,38
1486,1,0,1
1485,21,0,21
1491,1,0,1
1501,1,0,1
1499,11,0,11
1521,1,0,1
1525,1,0,1
1524,1,0,1
1563,11,0,11
1562,1,0,1
1568,23,0,23
1570,18,0,18
1569,6,0,6
1588,31,0,31
1632,11,1,12
1652,3,0,3
1656,1,0,1
1655,5,0,5
1664,12,0,12
1668,29,0,29
1680,8,0,8
1701,1,0,1
1709,4,0,4
1732,7,0,7
1731,5,0,5
1745,14,0,14
1768,10,0,10
1108,10,0,6
1730,1,0,1
1784,1,0,1
1808,2,0,2
1885,8,0,8
1751,9,0,9
1769,5,0,5
1859,20,0,20
1793,57,0,57
1807,5,0,5
1886,3,0,3
1901,4,0,4
1924,1,0,1
1971,6,0,6
1810,9,0,9
1889,9,0,9
1987,10,0,10
2019,2,0,2
1811,6,0,6
1809,13,13,26
1851,5,0,5
1829,0,1,1
1860,14,0,14
1917,1,0,1
1963,1,0,1
1812,5,0,5
1838,5,2,7
1867,2,0,2
1887,72,0,72
1892,3,0,3
1902,3,0,3
1964,7,0,7
1966,5,0,5
1970,1,0,1
1976,32,0,32
1984,9,0,9
1995,3,0,3
1990,3,0,3
2203,3,0,3
2018,5,0,5
2020,26,1,27
2042,5,0,5
2043,23,0,23
2198,6,0,6
2053,9,0,9
2048,21,0,21
2056,9,0,9
2044,51,1,52
2089,5,0,5
2094,2,0,2
2091,1,0,1
2108,14,0,14
2100,4,0,4
2121,2,0,2
2123,3,0,3
2209,5,0,5
2134,2,0,2
2126,13,3,16
2141,1,0,1
2140,5,0,5
2147,4,0,4
2152,3,0,3
2213,9,0,9
2171,9,5,14
2199,2,0,2
2222,2,0,2
2239,2,0,2
2244,2,0,2
2275,16,0,16
2276,3,0,3
2277,4,0,4
2278,34,0,34
2288,7,0,7
2292,9,0,9
2299,1,0,1
2300,4,0,4
2301,0,1,1
2355,19,0,19
2356,4,0,4
2359,25,0,25
2364,20,0,20
2366,2,0,2
2354,20,0,20
2388,7,0,7
2418,2,0,2
2428,3,0,3
2431,8,0,8
2433,2,0,2
2434,2,0,2
2439,20,0,20
2453,8,0,8
2454,2,0,2
2467,3,0,3
2532,1,0,1
2512,2,0,2
2514,3,0,3
2515,2,0,2
2509,2,0,2
2510,5,1,6
2578,1,7,8
2516,4,0,4
2555,3,0,3
2565,25,1,26
2585,1,0,1
2587,45,0,45
2593,1,0,1
2608,3,0,3
2598,3,2,5
2634,6,0,6
2663,7,0,7
2661,8,1,9
2603,2,0,2
2618,12,0,12
2612,6,0,6
2639,4,0,4
2677,7,0,7
2664,23,2,25
2678,8,0,8
2684,12,0,12
2681,5,1,6
2711,3,0,3
3013,1,0,1
2715,1,17,18
2738,11,0,11
2763,5,0,5
2739,4,1,5
2740,4,1,5
2759,6,0,6
2762,8,0,8
2761,16,0,16
2816,3,0,3
2817,4,0,4
2820,3,0,3
2821,1,0,1
2835,7,0,7
2825,3,1,4
2846,32,0,32
2848,8,0,8
2886,6,0,6
2885,1,0,1
2894,17,0,17
2896,6,0,6
2895,17,0,17
2898,5,0,5
2902,2,0,2
2904,5,0,5
2921,1,0,1
2922,4,0,4
2927,2,0,2
2974,2,0,2
2972,11,0,11
2973,2,0,2
2971,4,0,4
2976,7,0,7
2995,9,0,9
3042,11,0,11
3049,22,0,22
3050,22,0,22
3052,2,0,2
3056,12,0,12
3061,8,0,8
3077,5,0,5
3079,7,0,7
3110,2,0,2
3109,3,0,3
3126,2,0,2
3127,2,0,2
3130,4,0,4
3128,1,0,1
3136,6,0,6
3152,1,0,1
3159,4,0,4
3160,24,1,25
3192,8,0,8
3198,8,0,8
3204,32,0,32
3208,2,0,2
3206,4,0,4
3211,42,0,38
3210,1,0,1
3213,15,0,15
3220,6,0,6
3245,20,0,20
3250,14,0,14
3282,1,0,1
3284,2,0,2
3288,4,0,4
3302,1,0,1
3303,5,0,5
5197,1,0,1
3324,1,0,1
3362,2,0,2
3364,13,0,13
3371,77,2,79
3439,7,2,9
3506,3,0,3
3514,4,0,4
3542,7,0,7
3359,7,0,7
3373,17,0,17
3437,2,0,2
3372,9,0,9
3386,4,0,4
3389,2,0,2
3436,14,0,14
3442,5,0,5
3460,5,0,5
3485,11,0,11
3515,11,0,11
3532,13,0,13
3593,1,0,1
3605,1,0,1
3612,5,0,5
3449,13,0,13
3461,2,0,2
3508,11,0,11
3531,2,0,2
3539,3,0,3
3541,6,0,6
3540,1,0,1
3560,9,0,9
3591,4,0,4
3618,6,0,6
3620,7,0,7
3635,1,0,1
3637,14,0,14
3642,2,0,2
3660,3,0,3
3628,5,2,7
3668,17,0,17
3669,10,0,10
3671,3,0,3
3834,2,0,2
3684,26,0,26
3670,8,1,9
3695,2,0,2
3710,6,0,6
3719,7,0,7
3746,2,0,2
3745,5,0,5
3747,7,0,7
3751,1,0,1
3750,3,0,3
3756,1,0,1
3790,1,0,1
3786,2,0,2
3800,4,0,4
3802,5,0,5
3809,9,0,9
3791,8,1,9
3822,5,0,5
3823,5,0,5
3824,2,0,2
3836,30,0,30
3840,1,0,1
3833,2,0,2
3855,4,0,4
3861,1,0,1
3892,3,0,3
3903,13,0,13
3899,2,0,2
3908,3,0,3
3907,5,0,5
3906,5,0,5
3901,3,0,3
3925,6,0,6
3929,10,0,10
3947,3,0,3
3948,4,0,4
3977,3,0,3
3976,4,0,4
3979,9,0,9
3980,2,0,2
3984,8,0,8
3992,8,0,8
3993,10,0,10
3999,1,0,1
4000,1,0,1
4009,5,0,5
4011,3,0,3
4054,3,0,3
4053,1,0,1
4055,1,0,1
4068,3,0,3
4077,3,0,3
4074,2,0,2
4083,2,0,2
4106,6,0,6
4082,2,0,2
4131,2,0,2
4132,11,0,11
4136,2,0,2
4139,3,0,3
4134,4,0,4
4146,1,0,1
4145,3,0,3
4148,1,0,1
4144,1,0,1
4156,11,0,11
4176,2,0,2
4153,2,0,2
4210,2,0,2
4227,4,0,4
4244,2,0,2
4238,3,0,3
4257,14,0,14
4267,10,0,10
4266,10,0,10
4264,3,0,3
4275,4,0,4
4283,3,0,3
4292,4,0,4
4308,2,0,2
4334,7,0,7
4367,4,0,4
4228,12,0,12
4224,4,0,4
4239,2,0,2
4240,2,0,2
4255,5,0,5
4265,5,0,5
4277,6,0,6
4282,10,0,10
4273,2,0,2
4274,2,0,2
4271,2,0,2
4281,1,0,1
4278,13,0,13
4279,1,0,1
4288,1,0,1
4311,2,0,2
4310,4,0,4
4320,1,0,1
4324,2,0,2
4365,6,0,6
4442,1,0,1
4289,4,0,4
4368,2,0,2
4378,4,0,4
4407,1,0,1
4443,2,0,2
4447,1,0,1
4459,3,0,3
4464,4,0,4
4751,1,0,1
4471,3,1,4
4503,3,0,3
4518,1,0,1
4520,1,0,1
4522,1,0,1
4525,1,0,1
4547,2,0,2
4577,2,0,2
4591,4,0,4
4595,2,0,2
4599,5,0,5
4757,23,0,23
4604,2,0,2
4611,6,0,6
4602,1,1,2
4616,3,0,3
4623,1,0,1
4630,3,0,3
4635,14,0,14
4654,2,0,2
4656,1,0,1
4673,4,0,4
4674,1,0,1
4676,10,0,10
4677,4,0,4
4688,3,0,3
4700,3,0,3
4705,6,0,6
4724,1,0,1
4750,3,0,3
4752,35,0,35
4769,11,0,11
4784,18,2,20
4799,9,1,10
4806,7,1,8
4826,2,0,2
4825,2,0,2
4833,2,0,2
4853,11,0,11
4854,11,0,11
4852,1,0,1
4878,1,0,1
4903,1,0,1
4905,1,0,1
4920,2,0,2
4934,1,0,1
4937,1,0,1
4957,3,0,3
4980,1,0,1
4983,1,0,1
4986,1,0,1
4999,1,0,1
5009,1,0,1
5060,1,0,1
5067,1,0,1
5069,1,0,1
5070,1,0,1
5104,1,0,1
5137,1,0,1
5165,3,0,3
5163,10,0,10
5168,1,0,1
5167,1,0,1
5196,1,0,1
3322,7,0,5
5198,0,0,0
5199,0,0,0
5200,0,0,0
5201,0,0,0
5202,0,0,0
5203,0,0,0
5204,0,0,0
5209,1,0,1
5206,0,0,0
5211,0,0,0
5212,2,0,2
5213,0,0,0
5214,0,0,0
5215,0,0,0
5216,2,0,2
5217,0,0,0
5218,0,0,0
5219,0,0,0
5220,0,0,0
5221,0,0,0
5222,0,0,0
5223,0,0,0
5224,0,0,0
5225,0,0,0
5227,0,0,0
5228,0,0,0
5229,0,0,0
5230,20,0,20
5233,0,0,0
5234,0,0,0
5235,0,0,0
5236,0,0,0
5237,0,0,0
5238,0,0,0
5208,1,0,1
5205,3,0,3
5226,1,0,1
5231,3,0,3
5232,3,0,3
5207,1,0,1
5210,1,0,1
